{
 "battery_sim_0": {
  "capital_loss_aging": 286.01122445846784,
  "capital_loss_aging_per_day": 0.07903615508814692,
  "capital_cost": 34500.0,
  "battery_LOL": 0.0016580360838172048,
  "LOL_per_day": 5.5267869460573496e-05,
  "battery_total_cost": 34786.01122445847,
  "total_cost_per_day": 9.612743637037074,
  "lcoe": 0.08020730113471969,
  "lcoe_aging": 0.0006594659059938643
 },
 "battery_sim_1": {
  "capital_loss_aging": 286.01122445846784,
  "capital_loss_aging_per_day": 0.07903615508814692,
  "capital_cost": 34500.0,
  "battery_LOL": 0.0016580360838172048,
  "LOL_per_day": 5.5267869460573496e-05,
  "battery_total_cost": 34786.01122445847,
  "total_cost_per_day": 9.612743637037074,
  "lcoe": 0.08020730113471969,
  "lcoe_aging": 0.0006594659059938643
 }
}