{
 "battery_sim_0": {
  "capital_loss_aging": 130.2063611793536,
  "capital_loss_aging_per_day": 0.0040950957709102115,
  "capital_cost": 138000.0,
  "battery_LOL": 0.00018870487127442548,
  "LOL_per_day": 6.290162375814182e-06,
  "battery_total_cost": 138130.20636117936,
  "total_cost_per_day": 4.344307135082696,
  "lcoe": 0.00978853021128219,
  "lcoe_aging": 9.227010758042433e-06
 }
}