{
 "battery_sim_0": {
  "capital_loss_aging": 213.81780362928052,
  "capital_loss_aging_per_day": 0.08834406405574795,
  "capital_cost": 17250.0,
  "battery_LOL": 0.002479046998600354,
  "LOL_per_day": 8.263489995334513e-05,
  "battery_total_cost": 17463.81780362928,
  "total_cost_per_day": 7.215604185031765,
  "lcoe": 0.05593700308927264,
  "lcoe_aging": 0.0006848632570861449
 },
 "battery_sim_1": {
  "capital_loss_aging": 213.81780362928052,
  "capital_loss_aging_per_day": 0.08834406405574795,
  "capital_cost": 17250.0,
  "battery_LOL": 0.002479046998600354,
  "LOL_per_day": 8.263489995334513e-05,
  "battery_total_cost": 17463.81780362928,
  "total_cost_per_day": 7.215604185031765,
  "lcoe": 0.05593700308927264,
  "lcoe_aging": 0.0006848632570861449
 }
}