{
 "battery_sim_0": {
  "capital_loss_aging": 50.62186074158287,
  "capital_loss_aging_per_day": 0.0024759157342417477,
  "capital_cost": 34500.0,
  "battery_LOL": 0.0002934600622700456,
  "LOL_per_day": 9.782002075668187e-06,
  "battery_total_cost": 34550.62186074158,
  "total_cost_per_day": 1.6898712737870039,
  "lcoe": 0.006132048200682994,
  "lcoe_aging": 8.984373460101471e-06
 }
}