{
 "charging_station_sim_0": {
  "TOU_cost": 4615.584847484055,
  "subscription_cost": 477.8,
  "penalty_cost": 245.79799097267957,
  "total_elec_cost": 5339.182838456734,
  "cost_per_day": 177.97276128189114,
  "max_load": 424.2899999999999,
  "avg_load": 91.2898611111111,
  "cost_per_kWh": 0.08123061673906126
 }
}