{
 "battery_sim_0": {
  "capital_loss_aging": 218.55443340078273,
  "capital_loss_aging_per_day": 0.04615076363201659,
  "capital_cost": 34500.0,
  "battery_LOL": 0.0012669822226132332,
  "LOL_per_day": 4.223274075377444e-05,
  "battery_total_cost": 34718.55443340079,
  "total_cost_per_day": 7.331298543658107,
  "lcoe": 0.08356322158875353,
  "lcoe_aging": 0.0005260332074743342
 }
}