{
 "charging_station_sim_0": {
  "TOU_cost": 7807.08682083333,
  "subscription_cost": 668.9200000000001,
  "penalty_cost": 0.0,
  "total_elec_cost": 8476.00682083333,
  "cost_per_day": 282.53356069444436,
  "max_load": 424.2899999999999,
  "avg_load": 91.2898611111111,
  "cost_per_kWh": 0.12895442661779913
 }
}