{
 "battery_sim_0": {
  "capital_loss_aging": 875.018107287916,
  "capital_loss_aging_per_day": 0.18494122900524804,
  "capital_cost": 138000.0,
  "battery_LOL": 0.0012681421844752405,
  "LOL_per_day": 4.2271406149174685e-05,
  "battery_total_cost": 138875.0181072879,
  "total_cost_per_day": 29.352211471935778,
  "lcoe": 0.05769046809670785,
  "lcoe_aging": 0.0003634937722458961
 }
}