{
 "battery_sim_0": {
  "capital_loss_aging": 165.08455608759604,
  "capital_loss_aging_per_day": 0.02633131464602767,
  "capital_cost": 34500.0,
  "battery_LOL": 0.0009570119193483828,
  "LOL_per_day": 3.190039731161276e-05,
  "battery_total_cost": 34665.0845560876,
  "total_cost_per_day": 5.529149850899229,
  "lcoe": 0.10252871927380312,
  "lcoe_aging": 0.0004882696328104918
 },
 "battery_sim_1": {
  "capital_loss_aging": 165.08455608759604,
  "capital_loss_aging_per_day": 0.02633131464602767,
  "capital_cost": 34500.0,
  "battery_LOL": 0.0009570119193483828,
  "LOL_per_day": 3.190039731161276e-05,
  "battery_total_cost": 34665.0845560876,
  "total_cost_per_day": 5.529149850899229,
  "lcoe": 0.10252871927380312,
  "lcoe_aging": 0.0004882696328104918
 }
}