{
 "charging_station_sim_0": {
  "TOU_cost": 7840.289252928957,
  "subscription_cost": 668.9200000000001,
  "penalty_cost": 0.0,
  "total_elec_cost": 8509.209252928957,
  "cost_per_day": 283.6403084309652,
  "max_load": 424.2899999999999,
  "avg_load": 91.2898611111111,
  "cost_per_kWh": 0.12945957021710391
 }
}