{
 "charging_station_sim_0": {
  "TOU_cost": 4870.930116879681,
  "subscription_cost": 477.8,
  "penalty_cost": 251.89071887457877,
  "total_elec_cost": 5600.62083575426,
  "cost_per_day": 186.68736119180866,
  "max_load": 424.2899999999999,
  "avg_load": 91.2898611111111,
  "cost_per_kWh": 0.08520814858279963
 },
 "charging_station_sim_1": {
  "TOU_cost": 4870.930116879681,
  "subscription_cost": 477.8,
  "penalty_cost": 251.89071887457877,
  "total_elec_cost": 5600.62083575426,
  "cost_per_day": 186.68736119180866,
  "max_load": 424.2899999999999,
  "avg_load": 91.2898611111111,
  "cost_per_kWh": 0.08520814858279963
 }
}