{
 "battery_sim_0": {
  "capital_loss_aging": 2329.697834647104,
  "capital_loss_aging_per_day": 0.6554942029902664,
  "capital_cost": 276000.0,
  "battery_LOL": 0.0016881868367008002,
  "LOL_per_day": 5.627289455669334e-05,
  "battery_total_cost": 278329.6978346471,
  "total_cost_per_day": 78.31208869122706,
  "lcoe": 0.0797822044165605,
  "lcoe_aging": 0.0006677994849944336
 },
 "battery_sim_1": {
  "capital_loss_aging": 2329.697834647104,
  "capital_loss_aging_per_day": 0.6554942029902664,
  "capital_cost": 276000.0,
  "battery_LOL": 0.0016881868367008002,
  "LOL_per_day": 5.627289455669334e-05,
  "battery_total_cost": 278329.6978346471,
  "total_cost_per_day": 78.31208869122706,
  "lcoe": 0.0797822044165605,
  "lcoe_aging": 0.0006677994849944336
 }
}