{
 "battery_sim_0": {
  "capital_loss_aging": 109.27695746019123,
  "capital_loss_aging_per_day": 0.023075272331896508,
  "capital_cost": 17250.0,
  "battery_LOL": 0.0012669792169297533,
  "LOL_per_day": 4.223264056432511e-05,
  "battery_total_cost": 17359.27695746019,
  "total_cost_per_day": 3.665640521004937,
  "lcoe": 0.08375267433441001,
  "lcoe_aging": 0.0005272245758188319
 }
}