{
 "battery_sim_0": {
  "capital_loss_aging": 21.694839015629075,
  "capital_loss_aging_per_day": 0.0009094995940368339,
  "capital_cost": 17250.0,
  "battery_LOL": 0.00025153436539859797,
  "LOL_per_day": 8.384478846619933e-06,
  "battery_total_cost": 17271.69483901563,
  "total_cost_per_day": 0.724070800115006,
  "lcoe": 0.006844154122525226,
  "lcoe_aging": 8.596887755967403e-06
 }
}