{
 "battery_sim_0": {
  "capital_loss_aging": 42.308884305184705,
  "capital_loss_aging_per_day": 0.0017295088803376854,
  "capital_cost": 34500.0,
  "battery_LOL": 0.00024526889452280987,
  "LOL_per_day": 8.175629817426995e-06,
  "battery_total_cost": 34542.30888430519,
  "total_cost_per_day": 1.4120256523864945,
  "lcoe": 0.0064975444738751805,
  "lcoe_aging": 7.958467927946874e-06
 }
}