{
 "battery_sim_0": {
  "capital_loss_aging": 127.03074284476924,
  "capital_loss_aging_per_day": 0.0038977801033077027,
  "capital_cost": 138000.0,
  "battery_LOL": 0.0001841025258619844,
  "LOL_per_day": 6.136750862066147e-06,
  "battery_total_cost": 138127.03074284477,
  "total_cost_per_day": 4.2382558749289485,
  "lcoe": 0.014091735388418703,
  "lcoe_aging": 1.2959690834847545e-05
 }
}