{
 "battery_sim_0": {
  "capital_loss_aging": 399.3571141018776,
  "capital_loss_aging_per_day": 0.15409285467031889,
  "capital_cost": 34500.0,
  "battery_LOL": 0.0023151137049384207,
  "LOL_per_day": 7.717045683128068e-05,
  "battery_total_cost": 34899.35711410188,
  "total_cost_per_day": 13.465996658066235,
  "lcoe": 0.05915147330348789,
  "lcoe_aging": 0.0006768766999381186
 },
 "battery_sim_1": {
  "capital_loss_aging": 399.3571141018776,
  "capital_loss_aging_per_day": 0.15409285467031889,
  "capital_cost": 34500.0,
  "battery_LOL": 0.0023151137049384207,
  "LOL_per_day": 7.717045683128068e-05,
  "battery_total_cost": 34899.35711410188,
  "total_cost_per_day": 13.465996658066235,
  "lcoe": 0.05915147330348789,
  "lcoe_aging": 0.0006768766999381186
 }
}