{
 "charging_station_sim_0": {
  "TOU_cost": 9408.042820833332,
  "subscription_cost": 573.36,
  "penalty_cost": 169.14959999999968,
  "total_elec_cost": 10150.552420833332,
  "cost_per_day": 338.35174736111105,
  "max_load": 424.2899999999999,
  "avg_load": 91.2898611111111,
  "cost_per_kWh": 0.15443105402713478
 },
 "charging_station_sim_1": {
  "TOU_cost": 9408.042820833332,
  "subscription_cost": 573.36,
  "penalty_cost": 169.14959999999968,
  "total_elec_cost": 10150.552420833332,
  "cost_per_day": 338.35174736111105,
  "max_load": 424.2899999999999,
  "avg_load": 91.2898611111111,
  "cost_per_kWh": 0.15443105402713478
 }
}