{
 "battery_sim_0": {
  "capital_loss_aging": 25.426997302700343,
  "capital_loss_aging_per_day": 0.0012493375687565808,
  "capital_cost": 17250.0,
  "battery_LOL": 0.0002948057658284098,
  "LOL_per_day": 9.826858860946992e-06,
  "battery_total_cost": 17275.4269973027,
  "total_cost_per_day": 0.8488159143254347,
  "lcoe": 0.005955623818840985,
  "lcoe_aging": 8.765840103472506e-06
 }
}