{
 "charging_station_sim_0": {
  "TOU_cost": 4649.983600006683,
  "subscription_cost": 573.36,
  "penalty_cost": 55.61877077322655,
  "total_elec_cost": 5278.96237077991,
  "cost_per_day": 175.96541235933034,
  "max_load": 424.2899999999999,
  "avg_load": 91.2898611111111,
  "cost_per_kWh": 0.08031441928381226
 }
}