{
 "battery_sim_0": {
  "capital_loss_aging": 14.89024331044142,
  "capital_loss_aging_per_day": 0.0004284431803751603,
  "capital_cost": 17250.0,
  "battery_LOL": 0.00017264050215004545,
  "LOL_per_day": 5.754683405001515e-06,
  "battery_total_cost": 17264.89024331044,
  "total_cost_per_day": 0.4967698868617558,
  "lcoe": 0.009505699053729262,
  "lcoe_aging": 8.198266525366662e-06
 }
}