{
 "battery_sim_0": {
  "capital_loss_aging": 15.957816760795302,
  "capital_loss_aging_per_day": 0.000492080996659168,
  "capital_cost": 17250.0,
  "battery_LOL": 0.00018501816534255422,
  "LOL_per_day": 6.16727217808514e-06,
  "battery_total_cost": 17265.957816760794,
  "total_cost_per_day": 0.5324193063565025,
  "lcoe": 0.01264325613548335,
  "lcoe_aging": 1.1685350260382803e-05
 }
}