{
 "battery_sim_0": {
  "capital_loss_aging": 1870.7391400494066,
  "capital_loss_aging_per_day": 0.42266484663197984,
  "capital_cost": 276000.0,
  "battery_LOL": 0.00135560807249957,
  "LOL_per_day": 4.518693574998567e-05,
  "battery_total_cost": 277870.7391400494,
  "total_cost_per_day": 62.78063618161219,
  "lcoe": 0.09513069594924675,
  "lcoe_aging": 0.0006404586423282935
 },
 "battery_sim_1": {
  "capital_loss_aging": 1870.7391400494066,
  "capital_loss_aging_per_day": 0.42266484663197984,
  "capital_cost": 276000.0,
  "battery_LOL": 0.00135560807249957,
  "LOL_per_day": 4.518693574998567e-05,
  "battery_total_cost": 277870.7391400494,
  "total_cost_per_day": 62.78063618161219,
  "lcoe": 0.09513069594924675,
  "lcoe_aging": 0.0006404586423282935
 }
}