{
 "battery_sim_0": {
  "capital_loss_aging": 48.454489706010044,
  "capital_loss_aging_per_day": 0.004536884198395813,
  "capital_cost": 17250.0,
  "battery_LOL": 0.0005617911849972179,
  "LOL_per_day": 1.87263728332406e-05,
  "battery_total_cost": 17298.45448970601,
  "total_cost_per_day": 1.6196865410653976,
  "lcoe": 0.11035940783967511,
  "lcoe_aging": 0.000309126390124103
 },
 "battery_sim_1": {
  "capital_loss_aging": 48.454489706010044,
  "capital_loss_aging_per_day": 0.004536884198395813,
  "capital_cost": 17250.0,
  "battery_LOL": 0.0005617911849972179,
  "LOL_per_day": 1.87263728332406e-05,
  "battery_total_cost": 17298.45448970601,
  "total_cost_per_day": 1.6196865410653976,
  "lcoe": 0.11035940783967511,
  "lcoe_aging": 0.000309126390124103
 }
}