{
 "battery_sim_0": {
  "capital_loss_aging": 1871.8656320617044,
  "capital_loss_aging_per_day": 0.42317402711277347,
  "capital_cost": 276000.0,
  "battery_LOL": 0.001356424371059206,
  "LOL_per_day": 4.5214145701973535e-05,
  "battery_total_cost": 277871.86563206173,
  "total_cost_per_day": 62.818695095836254,
  "lcoe": 0.0951757568669006,
  "lcoe_aging": 0.0006411452554916583
 },
 "battery_sim_1": {
  "capital_loss_aging": 1871.8656320617044,
  "capital_loss_aging_per_day": 0.42317402711277347,
  "capital_cost": 276000.0,
  "battery_LOL": 0.001356424371059206,
  "LOL_per_day": 4.5214145701973535e-05,
  "battery_total_cost": 277871.86563206173,
  "total_cost_per_day": 62.818695095836254,
  "lcoe": 0.0951757568669006,
  "lcoe_aging": 0.0006411452554916583
 }
}