{
 "battery_sim_0": {
  "capital_loss_aging": 127.37264870797071,
  "capital_loss_aging_per_day": 0.03135032200750553,
  "capital_cost": 17250.0,
  "battery_LOL": 0.0014767843328460373,
  "LOL_per_day": 4.922614442820124e-05,
  "battery_total_cost": 17377.37264870797,
  "total_cost_per_day": 4.277105278939862,
  "lcoe": 0.05937855837593741,
  "lcoe_aging": 0.0004352328979586187
 },
 "battery_sim_1": {
  "capital_loss_aging": 127.37264870797071,
  "capital_loss_aging_per_day": 0.03135032200750553,
  "capital_cost": 17250.0,
  "battery_LOL": 0.0014767843328460373,
  "LOL_per_day": 4.922614442820124e-05,
  "battery_total_cost": 17377.37264870797,
  "total_cost_per_day": 4.277105278939862,
  "lcoe": 0.05937855837593741,
  "lcoe_aging": 0.0004352328979586187
 }
}