{
 "battery_sim_0": {
  "capital_loss_aging": 750.4366806335089,
  "capital_loss_aging_per_day": 0.2720556577972169,
  "capital_cost": 69000.0,
  "battery_LOL": 0.0021751787844449533,
  "LOL_per_day": 7.250595948149844e-05,
  "battery_total_cost": 69750.4366806335,
  "total_cost_per_day": 25.286611678914177,
  "lcoe": 0.06809040273986504,
  "lcoe_aging": 0.0007325765722308451
 },
 "battery_sim_1": {
  "capital_loss_aging": 750.4366806335089,
  "capital_loss_aging_per_day": 0.2720556577972169,
  "capital_cost": 69000.0,
  "battery_LOL": 0.0021751787844449533,
  "LOL_per_day": 7.250595948149844e-05,
  "battery_total_cost": 69750.4366806335,
  "total_cost_per_day": 25.286611678914177,
  "lcoe": 0.06809040273986504,
  "lcoe_aging": 0.0007325765722308451
 }
}