{
 "battery_sim_0": {
  "capital_loss_aging": 107.12443349346401,
  "capital_loss_aging_per_day": 0.002771894746689757,
  "capital_cost": 138000.0,
  "battery_LOL": 0.0001552528021644406,
  "LOL_per_day": 5.175093405481353e-06,
  "battery_total_cost": 138107.12443349347,
  "total_cost_per_day": 3.5735863445288234,
  "lcoe": 0.009805765437522478,
  "lcoe_aging": 7.605958575802731e-06
 }
}