{
 "battery_sim_0": {
  "capital_loss_aging": 109.85860576115975,
  "capital_loss_aging_per_day": 0.023321571516494534,
  "capital_cost": 17250.0,
  "battery_LOL": 0.0012737229653467796,
  "LOL_per_day": 4.245743217822599e-05,
  "battery_total_cost": 17359.85860576116,
  "total_cost_per_day": 3.6852750968884864,
  "lcoe": 0.02273619880503948,
  "lcoe_aging": 0.0001438817652697504
 }
}