{
 "battery_sim_0": {
  "capital_loss_aging": 620.3798167539665,
  "capital_loss_aging_per_day": 0.18592807586264978,
  "capital_cost": 69000.0,
  "battery_LOL": 0.0017982023674028014,
  "LOL_per_day": 5.9940078913426716e-05,
  "battery_total_cost": 69620.37981675396,
  "total_cost_per_day": 20.865255300994868,
  "lcoe": 0.07714827920320746,
  "lcoe_aging": 0.0006874601293607423
 },
 "battery_sim_1": {
  "capital_loss_aging": 620.3798167539665,
  "capital_loss_aging_per_day": 0.18592807586264978,
  "capital_cost": 69000.0,
  "battery_LOL": 0.0017982023674028014,
  "LOL_per_day": 5.9940078913426716e-05,
  "battery_total_cost": 69620.37981675396,
  "total_cost_per_day": 20.865255300994868,
  "lcoe": 0.07714827920320746,
  "lcoe_aging": 0.0006874601293607423
 }
}