{
 "battery_sim_0": {
  "capital_loss_aging": 251.05723479065256,
  "capital_loss_aging_per_day": 0.015224573705490059,
  "capital_cost": 138000.0,
  "battery_LOL": 0.0003638510649139892,
  "LOL_per_day": 1.2128368830466307e-05,
  "battery_total_cost": 138251.05723479064,
  "total_cost_per_day": 8.383799066727242,
  "lcoe": 0.18630524649228222,
  "lcoe_aging": 0.00033832131881572966
 },
 "battery_sim_1": {
  "capital_loss_aging": 251.05723479065256,
  "capital_loss_aging_per_day": 0.015224573705490059,
  "capital_cost": 138000.0,
  "battery_LOL": 0.0003638510649139892,
  "LOL_per_day": 1.2128368830466307e-05,
  "battery_total_cost": 138251.05723479064,
  "total_cost_per_day": 8.383799066727242,
  "lcoe": 0.18630524649228222,
  "lcoe_aging": 0.00033832131881572966
 }
}