{
 "battery_sim_0": {
  "capital_loss_aging": 431.7160401575551,
  "capital_loss_aging_per_day": 0.1800760766466857,
  "capital_cost": 34500.0,
  "battery_LOL": 0.002502701682072783,
  "LOL_per_day": 8.342338940242611e-05,
  "battery_total_cost": 34931.71604015755,
  "total_cost_per_day": 14.570610748565187,
  "lcoe": 0.05100815258943918,
  "lcoe_aging": 0.0006304024006822226
 },
 "battery_sim_1": {
  "capital_loss_aging": 431.7160401575551,
  "capital_loss_aging_per_day": 0.1800760766466857,
  "capital_cost": 34500.0,
  "battery_LOL": 0.002502701682072783,
  "LOL_per_day": 8.342338940242611e-05,
  "battery_total_cost": 34931.71604015755,
  "total_cost_per_day": 14.570610748565187,
  "lcoe": 0.05100815258943918,
  "lcoe_aging": 0.0006304024006822226
 }
}