{
 "charging_station_sim_0": {
  "TOU_cost": 1563.6515522333334,
  "subscription_cost": 191.12,
  "penalty_cost": 664.3744,
  "total_elec_cost": 2419.1459522333334,
  "cost_per_day": 80.63819840777778,
  "max_load": 353.93,
  "avg_load": 44.66847222222223,
  "cost_per_kWh": 0.07521915943178084
 },
 "charging_station_sim_1": {
  "TOU_cost": 1563.6515522333334,
  "subscription_cost": 191.12,
  "penalty_cost": 664.3744,
  "total_elec_cost": 2419.1459522333334,
  "cost_per_day": 80.63819840777778,
  "max_load": 353.93,
  "avg_load": 44.66847222222223,
  "cost_per_kWh": 0.07521915943178084
 }
}