{
 "battery_sim_0": {
  "capital_loss_aging": 216.1445231388459,
  "capital_loss_aging_per_day": 0.005642325468951581,
  "capital_cost": 276000.0,
  "battery_LOL": 0.00015662646604264197,
  "LOL_per_day": 5.2208822014213984e-06,
  "battery_total_cost": 276216.1445231388,
  "total_cost_per_day": 7.210459763430481,
  "lcoe": 0.012015719847658719,
  "lcoe_aging": 9.4025352541426e-06
 }
}