{
 "battery_sim_0": {
  "capital_loss_aging": 415.1688787501359,
  "capital_loss_aging_per_day": 0.16653642307501937,
  "capital_cost": 34500.0,
  "battery_LOL": 0.00240677610869644,
  "LOL_per_day": 8.022587028988134e-05,
  "battery_total_cost": 34915.16887875013,
  "total_cost_per_day": 14.005499048079548,
  "lcoe": 0.05066129601873375,
  "lcoe_aging": 0.0006024027418331462
 },
 "battery_sim_1": {
  "capital_loss_aging": 415.1688787501359,
  "capital_loss_aging_per_day": 0.16653642307501937,
  "capital_cost": 34500.0,
  "battery_LOL": 0.00240677610869644,
  "LOL_per_day": 8.022587028988134e-05,
  "battery_total_cost": 34915.16887875013,
  "total_cost_per_day": 14.005499048079548,
  "lcoe": 0.05066129601873375,
  "lcoe_aging": 0.0006024027418331462
 }
}