{
 "battery_sim_0": {
  "capital_loss_aging": 31.750823100734905,
  "capital_loss_aging_per_day": 0.0009740239300233441,
  "capital_cost": 34500.0,
  "battery_LOL": 0.00018406274261295597,
  "LOL_per_day": 6.135424753765199e-06,
  "battery_total_cost": 34531.75082310074,
  "total_cost_per_day": 1.0593347939545201,
  "lcoe": 0.012802375794894834,
  "lcoe_aging": 1.177136865185848e-05
 }
}