{
 "charging_station_sim_0": {
  "TOU_cost": 4545.132750611727,
  "subscription_cost": 477.8,
  "penalty_cost": 244.1169515808894,
  "total_elec_cost": 5267.049702192617,
  "cost_per_day": 175.56832340642055,
  "max_load": 424.2899999999999,
  "avg_load": 91.2898611111111,
  "cost_per_kWh": 0.08013317929903707
 }
}