{
 "battery_sim_0": {
  "capital_loss_aging": 1135.6268786847334,
  "capital_loss_aging_per_day": 0.3115092771959493,
  "capital_cost": 138000.0,
  "battery_LOL": 0.001645836056064831,
  "LOL_per_day": 5.48612018688277e-05,
  "battery_total_cost": 139135.62687868474,
  "total_cost_per_day": 38.16573856668706,
  "lcoe": 0.06332929860770153,
  "lcoe_aging": 0.000516894596449152
 },
 "battery_sim_1": {
  "capital_loss_aging": 1135.6268786847334,
  "capital_loss_aging_per_day": 0.3115092771959493,
  "capital_cost": 138000.0,
  "battery_LOL": 0.001645836056064831,
  "LOL_per_day": 5.48612018688277e-05,
  "battery_total_cost": 139135.62687868474,
  "total_cost_per_day": 38.16573856668706,
  "lcoe": 0.06332929860770153,
  "lcoe_aging": 0.000516894596449152
 }
}