{
 "battery_sim_0": {
  "capital_loss_aging": 203.83101242000822,
  "capital_loss_aging_per_day": 0.020071053924717655,
  "capital_cost": 69000.0,
  "battery_LOL": 0.000590814528753647,
  "LOL_per_day": 1.9693817625121568e-05,
  "battery_total_cost": 69203.83101242,
  "total_cost_per_day": 6.814438134591659,
  "lcoe": 0.12999856485684275,
  "lcoe_aging": 0.0003828941071652928
 },
 "battery_sim_1": {
  "capital_loss_aging": 203.83101242000822,
  "capital_loss_aging_per_day": 0.020071053924717655,
  "capital_cost": 69000.0,
  "battery_LOL": 0.000590814528753647,
  "LOL_per_day": 1.9693817625121568e-05,
  "battery_total_cost": 69203.83101242,
  "total_cost_per_day": 6.814438134591659,
  "lcoe": 0.12999856485684275,
  "lcoe_aging": 0.0003828941071652928
 }
}