{
 "charging_station_sim_0": {
  "TOU_cost": 9408.042820833332,
  "subscription_cost": 477.8,
  "penalty_cost": 360.1495999999997,
  "total_elec_cost": 10245.99242083333,
  "cost_per_day": 341.5330806944443,
  "max_load": 424.2899999999999,
  "avg_load": 91.2898611111111,
  "cost_per_kWh": 0.1558830833537455
 },
 "charging_station_sim_1": {
  "TOU_cost": 9408.042820833332,
  "subscription_cost": 477.8,
  "penalty_cost": 360.1495999999997,
  "total_elec_cost": 10245.99242083333,
  "cost_per_day": 341.5330806944443,
  "max_load": 424.2899999999999,
  "avg_load": 91.2898611111111,
  "cost_per_kWh": 0.1558830833537455
 }
}