{
 "battery_sim_0": {
  "capital_loss_aging": 871.3758066474386,
  "capital_loss_aging_per_day": 0.09170239087083024,
  "capital_cost": 276000.0,
  "battery_LOL": 0.0006314317439474193,
  "LOL_per_day": 2.104772479824731e-05,
  "battery_total_cost": 276871.3758066474,
  "total_cost_per_day": 29.137562612452115,
  "lcoe": 0.18083945864331047,
  "lcoe_aging": 0.0005691420020935853
 },
 "battery_sim_1": {
  "capital_loss_aging": 871.3758066474386,
  "capital_loss_aging_per_day": 0.09170239087083024,
  "capital_cost": 276000.0,
  "battery_LOL": 0.0006314317439474193,
  "LOL_per_day": 2.104772479824731e-05,
  "battery_total_cost": 276871.3758066474,
  "total_cost_per_day": 29.137562612452115,
  "lcoe": 0.18083945864331047,
  "lcoe_aging": 0.0005691420020935853
 }
}