{
 "battery_sim_0": {
  "capital_loss_aging": 59.139055934452344,
  "capital_loss_aging_per_day": 0.0016895787134387841,
  "capital_cost": 69000.0,
  "battery_LOL": 0.0001714175534331952,
  "LOL_per_day": 5.7139184477731735e-06,
  "battery_total_cost": 69059.13905593446,
  "total_cost_per_day": 1.9729914431951838,
  "lcoe": 0.01000206732225796,
  "lcoe_aging": 8.565308327288523e-06
 }
}