{
 "battery_sim_0": {
  "capital_loss_aging": 428.6343878048687,
  "capital_loss_aging_per_day": 0.08875721662263507,
  "capital_cost": 69000.0,
  "battery_LOL": 0.0012424185153764311,
  "LOL_per_day": 4.1413950512547704e-05,
  "battery_total_cost": 69428.63438780486,
  "total_cost_per_day": 14.376570143451591,
  "lcoe": 0.09942506420141652,
  "lcoe_aging": 0.0006138245682377934
 },
 "battery_sim_1": {
  "capital_loss_aging": 428.6343878048687,
  "capital_loss_aging_per_day": 0.08875721662263507,
  "capital_cost": 69000.0,
  "battery_LOL": 0.0012424185153764311,
  "LOL_per_day": 4.1413950512547704e-05,
  "battery_total_cost": 69428.63438780486,
  "total_cost_per_day": 14.376570143451591,
  "lcoe": 0.09942506420141652,
  "lcoe_aging": 0.0006138245682377934
 }
}