{
 "battery_sim_0": {
  "capital_loss_aging": 143.09290376909533,
  "capital_loss_aging_per_day": 0.0024728960276656493,
  "capital_cost": 276000.0,
  "battery_LOL": 0.00010369050997760532,
  "LOL_per_day": 3.456350332586844e-06,
  "battery_total_cost": 276143.0929037691,
  "total_cost_per_day": 4.77223635499751,
  "lcoe": 0.4828191225412675,
  "lcoe_aging": 0.0002501890940424592
 },
 "battery_sim_1": {
  "capital_loss_aging": 143.09290376909533,
  "capital_loss_aging_per_day": 0.0024728960276656493,
  "capital_cost": 276000.0,
  "battery_LOL": 0.00010369050997760532,
  "LOL_per_day": 3.456350332586844e-06,
  "battery_total_cost": 276143.0929037691,
  "total_cost_per_day": 4.77223635499751,
  "lcoe": 0.4828191225412675,
  "lcoe_aging": 0.0002501890940424592
 }
}