{
 "battery_sim_0": {
  "capital_loss_aging": 607.5369809615894,
  "capital_loss_aging_per_day": 0.17830975035551816,
  "capital_cost": 69000.0,
  "battery_LOL": 0.001760976756410404,
  "LOL_per_day": 5.869922521368013e-05,
  "battery_total_cost": 69607.5369809616,
  "total_cost_per_day": 20.429542449075164,
  "lcoe": 0.07911418631858533,
  "lcoe_aging": 0.0006905113439134076
 },
 "battery_sim_1": {
  "capital_loss_aging": 607.5369809615894,
  "capital_loss_aging_per_day": 0.17830975035551816,
  "capital_cost": 69000.0,
  "battery_LOL": 0.001760976756410404,
  "LOL_per_day": 5.869922521368013e-05,
  "battery_total_cost": 69607.5369809616,
  "total_cost_per_day": 20.429542449075164,
  "lcoe": 0.07911418631858533,
  "lcoe_aging": 0.0006905113439134076
 }
}