{
 "battery_sim_0": {
  "capital_loss_aging": 257.56102397875844,
  "capital_loss_aging_per_day": 0.016023594462074055,
  "capital_cost": 138000.0,
  "battery_LOL": 0.00037327684634602676,
  "LOL_per_day": 1.2442561544867559e-05,
  "battery_total_cost": 138257.56102397875,
  "total_cost_per_day": 8.601391060420688,
  "lcoe": 0.1774566287462869,
  "lcoe_aging": 0.0003305852546016273
 },
 "battery_sim_1": {
  "capital_loss_aging": 257.56102397875844,
  "capital_loss_aging_per_day": 0.016023594462074055,
  "capital_cost": 138000.0,
  "battery_LOL": 0.00037327684634602676,
  "LOL_per_day": 1.2442561544867559e-05,
  "battery_total_cost": 138257.56102397875,
  "total_cost_per_day": 8.601391060420688,
  "lcoe": 0.1774566287462869,
  "lcoe_aging": 0.0003305852546016273
 }
}