{
 "charging_station_sim_0": {
  "TOU_cost": 4602.308025558516,
  "subscription_cost": 286.68,
  "penalty_cost": 627.4811961341231,
  "total_elec_cost": 5516.46922169264,
  "cost_per_day": 183.88230738975466,
  "max_load": 424.2899999999999,
  "avg_load": 91.2898611111111,
  "cost_per_kWh": 0.08392786137094817
 }
}