{
 "battery_sim_0": {
  "capital_loss_aging": 136.36148338933342,
  "capital_loss_aging_per_day": 0.004491414046410495,
  "capital_cost": 138000.0,
  "battery_LOL": 0.00019762533824541073,
  "LOL_per_day": 6.5875112748470245e-06,
  "battery_total_cost": 138136.36148338934,
  "total_cost_per_day": 4.549874193690857,
  "lcoe": 0.009749881572640902,
  "lcoe_aging": 9.624607886284246e-06
 }
}