{
 "battery_sim_0": {
  "capital_loss_aging": 218.7443500091682,
  "capital_loss_aging_per_day": 0.04623100546950095,
  "capital_cost": 34500.0,
  "battery_LOL": 0.001268083188458946,
  "LOL_per_day": 4.22694396152982e-05,
  "battery_total_cost": 34718.74435000917,
  "total_cost_per_day": 7.337709339108441,
  "lcoe": 0.0581163270666522,
  "lcoe_aging": 0.0003661600794359289
 }
}