{
 "battery_sim_0": {
  "capital_loss_aging": 1304.4942897718292,
  "capital_loss_aging_per_day": 0.20551997005402284,
  "capital_cost": 276000.0,
  "battery_LOL": 0.0009452857172259632,
  "LOL_per_day": 3.150952390753211e-05,
  "battery_total_cost": 277304.4942897718,
  "total_cost_per_day": 43.688662962448326,
  "lcoe": 0.13899562577000132,
  "lcoe_aging": 0.0006538624647415845
 },
 "battery_sim_1": {
  "capital_loss_aging": 1304.4942897718292,
  "capital_loss_aging_per_day": 0.20551997005402284,
  "capital_cost": 276000.0,
  "battery_LOL": 0.0009452857172259632,
  "LOL_per_day": 3.150952390753211e-05,
  "battery_total_cost": 277304.4942897718,
  "total_cost_per_day": 43.688662962448326,
  "lcoe": 0.13899562577000132,
  "lcoe_aging": 0.0006538624647415845
 }
}