{
 "battery_sim_0": {
  "capital_loss_aging": 255.2330954897186,
  "capital_loss_aging_per_day": 0.01573524952494295,
  "capital_cost": 138000.0,
  "battery_LOL": 0.0003699030369416212,
  "LOL_per_day": 1.2330101231387373e-05,
  "battery_total_cost": 138255.2330954897,
  "total_cost_per_day": 8.523505099182229,
  "lcoe": 0.17577506529221112,
  "lcoe_aging": 0.0003244984874710108
 },
 "battery_sim_1": {
  "capital_loss_aging": 255.2330954897186,
  "capital_loss_aging_per_day": 0.01573524952494295,
  "capital_cost": 138000.0,
  "battery_LOL": 0.0003699030369416212,
  "LOL_per_day": 1.2330101231387373e-05,
  "battery_total_cost": 138255.2330954897,
  "total_cost_per_day": 8.523505099182229,
  "lcoe": 0.17577506529221112,
  "lcoe_aging": 0.0003244984874710108
 }
}