{
 "battery_sim_0": {
  "capital_loss_aging": 103.88934312946601,
  "capital_loss_aging_per_day": 0.02085603017559793,
  "capital_cost": 17250.0,
  "battery_LOL": 0.0012045141232401857,
  "LOL_per_day": 4.015047077467286e-05,
  "battery_total_cost": 17353.889343129467,
  "total_cost_per_day": 3.4838341344911323,
  "lcoe": 0.0897440095521524,
  "lcoe_aging": 0.0005372539848462764
 },
 "battery_sim_1": {
  "capital_loss_aging": 103.88934312946601,
  "capital_loss_aging_per_day": 0.02085603017559793,
  "capital_cost": 17250.0,
  "battery_LOL": 0.0012045141232401857,
  "LOL_per_day": 4.015047077467286e-05,
  "battery_total_cost": 17353.889343129467,
  "total_cost_per_day": 3.4838341344911323,
  "lcoe": 0.0897440095521524,
  "lcoe_aging": 0.0005372539848462764
 }
}