{
 "battery_sim_0": {
  "capital_loss_aging": 412.54676737281557,
  "capital_loss_aging_per_day": 0.16443945436691787,
  "capital_cost": 34500.0,
  "battery_LOL": 0.002391575463030815,
  "LOL_per_day": 7.971918210102717e-05,
  "battery_total_cost": 34912.54676737281,
  "total_cost_per_day": 13.915998366794103,
  "lcoe": 0.052434642934838877,
  "lcoe_aging": 0.0006195979509959829
 },
 "battery_sim_1": {
  "capital_loss_aging": 412.54676737281557,
  "capital_loss_aging_per_day": 0.16443945436691787,
  "capital_cost": 34500.0,
  "battery_LOL": 0.002391575463030815,
  "LOL_per_day": 7.971918210102717e-05,
  "battery_total_cost": 34912.54676737281,
  "total_cost_per_day": 13.915998366794103,
  "lcoe": 0.052434642934838877,
  "lcoe_aging": 0.0006195979509959829
 }
}