{
 "battery_sim_0": {
  "capital_loss_aging": 1139.0156143310326,
  "capital_loss_aging_per_day": 0.31337115209900956,
  "capital_cost": 138000.0,
  "battery_LOL": 0.001650747267146424,
  "LOL_per_day": 5.50249089048808e-05,
  "battery_total_cost": 139139.01561433103,
  "total_cost_per_day": 38.280558296466765,
  "lcoe": 0.06359658986594217,
  "lcoe_aging": 0.0005206124864092681
 },
 "battery_sim_1": {
  "capital_loss_aging": 1139.0156143310326,
  "capital_loss_aging_per_day": 0.31337115209900956,
  "capital_cost": 138000.0,
  "battery_LOL": 0.001650747267146424,
  "LOL_per_day": 5.50249089048808e-05,
  "battery_total_cost": 139139.01561433103,
  "total_cost_per_day": 38.280558296466765,
  "lcoe": 0.06359658986594217,
  "lcoe_aging": 0.0005206124864092681
 }
}