{
 "battery_sim_0": {
  "capital_loss_aging": 116.24560033939885,
  "capital_loss_aging_per_day": 0.0261121538130768,
  "capital_cost": 17250.0,
  "battery_LOL": 0.0013477750763988272,
  "LOL_per_day": 4.4925835879960904e-05,
  "battery_total_cost": 17366.2456003394,
  "total_cost_per_day": 3.9009654984597044,
  "lcoe": 0.0805396402190767,
  "lcoe_aging": 0.0005391135795178889
 },
 "battery_sim_1": {
  "capital_loss_aging": 116.24560033939885,
  "capital_loss_aging_per_day": 0.0261121538130768,
  "capital_cost": 17250.0,
  "battery_LOL": 0.0013477750763988272,
  "LOL_per_day": 4.4925835879960904e-05,
  "battery_total_cost": 17366.2456003394,
  "total_cost_per_day": 3.9009654984597044,
  "lcoe": 0.0805396402190767,
  "lcoe_aging": 0.0005391135795178889
 }
}