{
 "battery_sim_0": {
  "capital_loss_aging": 139.52999655228336,
  "capital_loss_aging_per_day": 0.002351282601193262,
  "capital_cost": 276000.0,
  "battery_LOL": 0.00010110869315382853,
  "LOL_per_day": 3.3702897717942844e-06,
  "battery_total_cost": 276139.5299965523,
  "total_cost_per_day": 4.653351167677306,
  "lcoe": 0.522079239296477,
  "lcoe_aging": 0.0002638003854789123
 },
 "battery_sim_1": {
  "capital_loss_aging": 139.52999655228336,
  "capital_loss_aging_per_day": 0.002351282601193262,
  "capital_cost": 276000.0,
  "battery_LOL": 0.00010110869315382853,
  "LOL_per_day": 3.3702897717942844e-06,
  "battery_total_cost": 276139.5299965523,
  "total_cost_per_day": 4.653351167677306,
  "lcoe": 0.522079239296477,
  "lcoe_aging": 0.0002638003854789123
 }
}