{
 "battery_sim_0": {
  "capital_loss_aging": 61.50331475989479,
  "capital_loss_aging_per_day": 0.003654741764690524,
  "capital_cost": 34500.0,
  "battery_LOL": 0.00035654095512982487,
  "LOL_per_day": 1.1884698504327496e-05,
  "battery_total_cost": 34561.503314759895,
  "total_cost_per_day": 2.0537652337611836,
  "lcoe": 0.15443077569368288,
  "lcoe_aging": 0.0002748145680933692
 },
 "battery_sim_1": {
  "capital_loss_aging": 61.50331475989479,
  "capital_loss_aging_per_day": 0.003654741764690524,
  "capital_cost": 34500.0,
  "battery_LOL": 0.00035654095512982487,
  "LOL_per_day": 1.1884698504327496e-05,
  "battery_total_cost": 34561.503314759895,
  "total_cost_per_day": 2.0537652337611836,
  "lcoe": 0.15443077569368288,
  "lcoe_aging": 0.0002748145680933692
 }
}