{
 "charging_station_sim_0": {
  "TOU_cost": -2235.217562566667,
  "subscription_cost": 95.56,
  "penalty_cost": 311.15173333333337,
  "total_elec_cost": -1828.5058292333335,
  "cost_per_day": -60.950194307777785,
  "max_load": 172.13,
  "avg_load": 21.831625000000003,
  "cost_per_kWh": -0.11632626657386891
 },
 "charging_station_sim_1": {
  "TOU_cost": -2235.217562566667,
  "subscription_cost": 95.56,
  "penalty_cost": 311.15173333333337,
  "total_elec_cost": -1828.5058292333335,
  "cost_per_day": -60.950194307777785,
  "max_load": 172.13,
  "avg_load": 21.831625000000003,
  "cost_per_kWh": -0.11632626657386891
 }
}