{
 "battery_sim_0": {
  "capital_loss_aging": 264.0070587019105,
  "capital_loss_aging_per_day": 0.06734273144389762,
  "capital_cost": 34500.0,
  "battery_LOL": 0.0015304757026197713,
  "LOL_per_day": 5.1015856753992375e-05,
  "battery_total_cost": 34764.00705870191,
  "total_cost_per_day": 8.867578021507581,
  "lcoe": 0.09092778363722374,
  "lcoe_aging": 0.0006905296236941772
 },
 "battery_sim_1": {
  "capital_loss_aging": 264.0070587019105,
  "capital_loss_aging_per_day": 0.06734273144389762,
  "capital_cost": 34500.0,
  "battery_LOL": 0.0015304757026197713,
  "LOL_per_day": 5.1015856753992375e-05,
  "battery_total_cost": 34764.00705870191,
  "total_cost_per_day": 8.867578021507581,
  "lcoe": 0.09092778363722374,
  "lcoe_aging": 0.0006905296236941772
 }
}