{
 "battery_sim_0": {
  "capital_loss_aging": 871.0032464673457,
  "capital_loss_aging_per_day": 0.0916239921928328,
  "capital_cost": 276000.0,
  "battery_LOL": 0.0006311617728024244,
  "LOL_per_day": 2.103872576008081e-05,
  "battery_total_cost": 276871.0032464673,
  "total_cost_per_day": 29.12506554110435,
  "lcoe": 0.18073885648493554,
  "lcoe_aging": 0.0005685829462648257
 },
 "battery_sim_1": {
  "capital_loss_aging": 871.0032464673457,
  "capital_loss_aging_per_day": 0.0916239921928328,
  "capital_cost": 276000.0,
  "battery_LOL": 0.0006311617728024244,
  "LOL_per_day": 2.103872576008081e-05,
  "battery_total_cost": 276871.0032464673,
  "total_cost_per_day": 29.12506554110435,
  "lcoe": 0.18073885648493554,
  "lcoe_aging": 0.0005685829462648257
 }
}