{
 "battery_sim_0": {
  "capital_loss_aging": 437.397120850892,
  "capital_loss_aging_per_day": 0.0924233049896859,
  "capital_cost": 69000.0,
  "battery_LOL": 0.0012678177415967884,
  "LOL_per_day": 4.2260591386559615e-05,
  "battery_total_cost": 69437.39712085089,
  "total_cost_per_day": 14.67232733335275,
  "lcoe": 0.06215887987658417,
  "lcoe_aging": 0.00039154859226672
 }
}