{
 "battery_sim_0": {
  "capital_loss_aging": 1245.4347440332026,
  "capital_loss_aging_per_day": 0.37466369604952865,
  "capital_cost": 138000.0,
  "battery_LOL": 0.001804977889903192,
  "LOL_per_day": 6.0165929663439734e-05,
  "battery_total_cost": 139245.4347440332,
  "total_cost_per_day": 41.88915516382294,
  "lcoe": 0.08305408844499278,
  "lcoe_aging": 0.0007428498289624032
 },
 "battery_sim_1": {
  "capital_loss_aging": 1245.4347440332026,
  "capital_loss_aging_per_day": 0.37466369604952865,
  "capital_cost": 138000.0,
  "battery_LOL": 0.001804977889903192,
  "LOL_per_day": 6.0165929663439734e-05,
  "battery_total_cost": 139245.4347440332,
  "total_cost_per_day": 41.88915516382294,
  "lcoe": 0.08305408844499278,
  "lcoe_aging": 0.0007428498289624032
 }
}