{
 "battery_sim_0": {
  "capital_loss_aging": 41.85978206476509,
  "capital_loss_aging_per_day": 0.0016929868159513326,
  "capital_cost": 34500.0,
  "battery_LOL": 0.00024266540327400055,
  "LOL_per_day": 8.088846775800018e-06,
  "battery_total_cost": 34541.85978206476,
  "total_cost_per_day": 1.3970190556414543,
  "lcoe": 0.007211288902581403,
  "lcoe_aging": 8.739048324921214e-06
 }
}