{
 "battery_sim_0": {
  "capital_loss_aging": 1348.5069304352703,
  "capital_loss_aging_per_day": 0.4392441887516799,
  "capital_cost": 138000.0,
  "battery_LOL": 0.001954357870196044,
  "LOL_per_day": 6.514526233986813e-05,
  "battery_total_cost": 139348.50693043528,
  "total_cost_per_day": 45.389475203260695,
  "lcoe": 0.07680830468940139,
  "lcoe_aging": 0.0007432912879385819
 },
 "battery_sim_1": {
  "capital_loss_aging": 1348.5069304352703,
  "capital_loss_aging_per_day": 0.4392441887516799,
  "capital_cost": 138000.0,
  "battery_LOL": 0.001954357870196044,
  "LOL_per_day": 6.514526233986813e-05,
  "battery_total_cost": 139348.50693043528,
  "total_cost_per_day": 45.389475203260695,
  "lcoe": 0.07680830468940139,
  "lcoe_aging": 0.0007432912879385819
 }
}