{
 "battery_sim_0": {
  "capital_loss_aging": 138.1309468901043,
  "capital_loss_aging_per_day": 0.01843493573792929,
  "capital_cost": 34500.0,
  "battery_LOL": 0.0008007591124064017,
  "LOL_per_day": 2.6691970413546726e-05,
  "battery_total_cost": 34638.1309468901,
  "total_cost_per_day": 4.622799832074739,
  "lcoe": 0.11397260107196695,
  "lcoe_aging": 0.0004545032562449034
 },
 "battery_sim_1": {
  "capital_loss_aging": 138.1309468901043,
  "capital_loss_aging_per_day": 0.01843493573792929,
  "capital_cost": 34500.0,
  "battery_LOL": 0.0008007591124064017,
  "LOL_per_day": 2.6691970413546726e-05,
  "battery_total_cost": 34638.1309468901,
  "total_cost_per_day": 4.622799832074739,
  "lcoe": 0.11397260107196695,
  "lcoe_aging": 0.0004545032562449034
 }
}