{
 "charging_station_sim_0": {
  "TOU_cost": 8744.882663805354,
  "subscription_cost": 668.9200000000001,
  "penalty_cost": 0.0,
  "total_elec_cost": 9413.802663805354,
  "cost_per_day": 313.79342212684514,
  "max_load": 424.2899999999999,
  "avg_load": 91.2898611111111,
  "cost_per_kWh": 0.1432221033400228
 }
}