{
 "battery_sim_0": {
  "capital_loss_aging": 13.645985901020868,
  "capital_loss_aging_per_day": 0.00035983175113209724,
  "capital_cost": 17250.0,
  "battery_LOL": 0.00015821432928719847,
  "LOL_per_day": 5.273810976239949e-06,
  "battery_total_cost": 17263.64598590102,
  "total_cost_per_day": 0.45522602845182775,
  "lcoe": 0.011859628169074083,
  "lcoe_aging": 9.374399759975636e-06
 }
}