{
 "battery_sim_0": {
  "capital_loss_aging": 146.3311230214767,
  "capital_loss_aging_per_day": 0.04137738659850541,
  "capital_cost": 17250.0,
  "battery_LOL": 0.001696592730683788,
  "LOL_per_day": 5.655309102279293e-05,
  "battery_total_cost": 17396.331123021475,
  "total_cost_per_day": 4.919081487314394,
  "lcoe": 0.08279947408320816,
  "lcoe_aging": 0.0006964767422798468
 },
 "battery_sim_1": {
  "capital_loss_aging": 146.3311230214767,
  "capital_loss_aging_per_day": 0.04137738659850541,
  "capital_cost": 17250.0,
  "battery_LOL": 0.001696592730683788,
  "LOL_per_day": 5.655309102279293e-05,
  "battery_total_cost": 17396.331123021475,
  "total_cost_per_day": 4.919081487314394,
  "lcoe": 0.08279947408320816,
  "lcoe_aging": 0.0006964767422798468
 }
}