{
 "charging_station_sim_0": {
  "TOU_cost": -4098.001923866666,
  "subscription_cost": 286.68,
  "penalty_cost": 0.0,
  "total_elec_cost": -3811.3219238666666,
  "cost_per_day": -127.04406412888889,
  "max_load": 153.37,
  "avg_load": 11.208166666666669,
  "cost_per_kWh": -0.4722897891748906
 },
 "charging_station_sim_1": {
  "TOU_cost": -4098.001923866666,
  "subscription_cost": 286.68,
  "penalty_cost": 0.0,
  "total_elec_cost": -3811.3219238666666,
  "cost_per_day": -127.04406412888889,
  "max_load": 153.37,
  "avg_load": 11.208166666666669,
  "cost_per_kWh": -0.4722897891748906
 }
}