{
 "battery_sim_0": {
  "capital_loss_aging": 190.16917787124444,
  "capital_loss_aging_per_day": 0.01747068416049517,
  "capital_cost": 69000.0,
  "battery_LOL": 0.0005512150083224476,
  "LOL_per_day": 1.8373833610748255e-05,
  "battery_total_cost": 69190.16917787124,
  "total_cost_per_day": 6.3564432798686425,
  "lcoe": 0.13050554167506212,
  "lcoe_aging": 0.0003586944773062566
 },
 "battery_sim_1": {
  "capital_loss_aging": 190.16917787124444,
  "capital_loss_aging_per_day": 0.01747068416049517,
  "capital_cost": 69000.0,
  "battery_LOL": 0.0005512150083224476,
  "LOL_per_day": 1.8373833610748255e-05,
  "battery_total_cost": 69190.16917787124,
  "total_cost_per_day": 6.3564432798686425,
  "lcoe": 0.13050554167506212,
  "lcoe_aging": 0.0003586944773062566
 }
}