{
 "charging_station_sim_0": {
  "TOU_cost": 4594.823451570246,
  "subscription_cost": 286.68,
  "penalty_cost": 627.3026086361834,
  "total_elec_cost": 5508.80606020643,
  "cost_per_day": 183.62686867354765,
  "max_load": 424.2899999999999,
  "avg_load": 91.2898611111111,
  "cost_per_kWh": 0.08381127361725443
 }
}