{
 "battery_sim_0": {
  "capital_loss_aging": 75.8094967824724,
  "capital_loss_aging_per_day": 0.0027763670543051655,
  "capital_cost": 69000.0,
  "battery_LOL": 0.00021973767183325332,
  "LOL_per_day": 7.324589061108444e-06,
  "battery_total_cost": 69075.80949678247,
  "total_cost_per_day": 2.5297595931367183,
  "lcoe": 0.007714571698610649,
  "lcoe_aging": 8.4666079576124e-06
 }
}