{
 "battery_sim_0": {
  "capital_loss_aging": 331.40950933298717,
  "capital_loss_aging_per_day": 0.0132647660478661,
  "capital_cost": 276000.0,
  "battery_LOL": 0.0002401518183572371,
  "LOL_per_day": 8.005060611907903e-06,
  "battery_total_cost": 276331.40950933297,
  "total_cost_per_day": 11.060248410480773,
  "lcoe": 0.26220989580622717,
  "lcoe_aging": 0.0003144733096599374
 },
 "battery_sim_1": {
  "capital_loss_aging": 331.40950933298717,
  "capital_loss_aging_per_day": 0.0132647660478661,
  "capital_cost": 276000.0,
  "battery_LOL": 0.0002401518183572371,
  "LOL_per_day": 8.005060611907903e-06,
  "battery_total_cost": 276331.40950933297,
  "total_cost_per_day": 11.060248410480773,
  "lcoe": 0.26220989580622717,
  "lcoe_aging": 0.0003144733096599374
 }
}