{
 "battery_sim_0": {
  "capital_loss_aging": 57.57518875454115,
  "capital_loss_aging_per_day": 0.0016014021063386673,
  "capital_cost": 69000.0,
  "battery_LOL": 0.00016688460508562653,
  "LOL_per_day": 5.562820169520884e-06,
  "battery_total_cost": 69057.57518875453,
  "total_cost_per_day": 1.9207743605910432,
  "lcoe": 0.007988884267474412,
  "lcoe_aging": 6.6605512629253825e-06
 }
}