{
 "battery_sim_0": {
  "capital_loss_aging": 109.4609163325476,
  "capital_loss_aging_per_day": 0.023153028414224126,
  "capital_cost": 17250.0,
  "battery_LOL": 0.0012691120734208416,
  "LOL_per_day": 4.2303735780694725e-05,
  "battery_total_cost": 17359.460916332548,
  "total_cost_per_day": 3.671850239499144,
  "lcoe": 0.045385897709314456,
  "lcoe_aging": 0.0002861829624653112
 }
}