{
 "charging_station_sim_0": {
  "TOU_cost": 4201.265789193073,
  "subscription_cost": 382.24,
  "penalty_cost": 426.9120303174739,
  "total_elec_cost": 5010.417819510547,
  "cost_per_day": 167.01392731701824,
  "max_load": 424.2899999999999,
  "avg_load": 91.2898611111111,
  "cost_per_kWh": 0.07622876794323558
 }
}