{
 "battery_sim_0": {
  "capital_loss_aging": 607.7244986026509,
  "capital_loss_aging_per_day": 0.08920991937242595,
  "capital_cost": 138000.0,
  "battery_LOL": 0.0008807601429023926,
  "LOL_per_day": 2.9358671430079754e-05,
  "battery_total_cost": 138607.72449860265,
  "total_cost_per_day": 20.346693206127455,
  "lcoe": 0.12561093479661858,
  "lcoe_aging": 0.0005507401744341808
 },
 "battery_sim_1": {
  "capital_loss_aging": 607.7244986026509,
  "capital_loss_aging_per_day": 0.08920991937242595,
  "capital_cost": 138000.0,
  "battery_LOL": 0.0008807601429023926,
  "LOL_per_day": 2.9358671430079754e-05,
  "battery_total_cost": 138607.72449860265,
  "total_cost_per_day": 20.346693206127455,
  "lcoe": 0.12561093479661858,
  "lcoe_aging": 0.0005507401744341808
 }
}