{
 "battery_sim_0": {
  "capital_loss_aging": 368.6740705680716,
  "capital_loss_aging_per_day": 0.13132422252099654,
  "capital_cost": 34500.0,
  "battery_LOL": 0.002137240988800415,
  "LOL_per_day": 7.124136629334717e-05,
  "battery_total_cost": 34868.67407056807,
  "total_cost_per_day": 12.420459908123382,
  "lcoe": 0.06657667898305257,
  "lcoe_aging": 0.0007039296990734667
 },
 "battery_sim_1": {
  "capital_loss_aging": 368.6740705680716,
  "capital_loss_aging_per_day": 0.13132422252099654,
  "capital_cost": 34500.0,
  "battery_LOL": 0.002137240988800415,
  "LOL_per_day": 7.124136629334717e-05,
  "battery_total_cost": 34868.67407056807,
  "total_cost_per_day": 12.420459908123382,
  "lcoe": 0.06657667898305257,
  "lcoe_aging": 0.0007039296990734667
 }
}