{
 "battery_sim_0": {
  "capital_loss_aging": 286.94096822430487,
  "capital_loss_aging_per_day": 0.07955083985072611,
  "capital_cost": 34500.0,
  "battery_LOL": 0.0016634259027495935,
  "LOL_per_day": 5.5447530091653115e-05,
  "battery_total_cost": 34786.940968224306,
  "total_cost_per_day": 9.644249780660887,
  "lcoe": 0.0803733886510215,
  "lcoe_aging": 0.0006629619425306336
 },
 "battery_sim_1": {
  "capital_loss_aging": 286.94096822430487,
  "capital_loss_aging_per_day": 0.07955083985072611,
  "capital_cost": 34500.0,
  "battery_LOL": 0.0016634259027495935,
  "LOL_per_day": 5.5447530091653115e-05,
  "battery_total_cost": 34786.940968224306,
  "total_cost_per_day": 9.644249780660887,
  "lcoe": 0.0803733886510215,
  "lcoe_aging": 0.0006629619425306336
 }
}