{
 "battery_sim_0": {
  "capital_loss_aging": 868.5154447486676,
  "capital_loss_aging_per_day": 0.1822026757891246,
  "capital_cost": 138000.0,
  "battery_LOL": 0.0012587180358676342,
  "LOL_per_day": 4.195726786225447e-05,
  "battery_total_cost": 138868.51544474866,
  "total_cost_per_day": 29.132717500744707,
  "lcoe": 0.10257044933102213,
  "lcoe_aging": 0.0006414990405384369
 },
 "battery_sim_1": {
  "capital_loss_aging": 868.5154447486676,
  "capital_loss_aging_per_day": 0.1822026757891246,
  "capital_cost": 138000.0,
  "battery_LOL": 0.0012587180358676342,
  "LOL_per_day": 4.195726786225447e-05,
  "battery_total_cost": 138868.51544474866,
  "total_cost_per_day": 29.132717500744707,
  "lcoe": 0.10257044933102213,
  "lcoe_aging": 0.0006414990405384369
 }
}