{
 "battery_sim_0": {
  "capital_loss_aging": 195.9647788278704,
  "capital_loss_aging_per_day": 0.07420713920977036,
  "capital_cost": 17250.0,
  "battery_LOL": 0.0022720554066999465,
  "LOL_per_day": 7.573518022333156e-05,
  "battery_total_cost": 17445.96477882787,
  "total_cost_per_day": 6.606366433472117,
  "lcoe": 0.0555356992688209,
  "lcoe_aging": 0.0006238142265123157
 },
 "battery_sim_1": {
  "capital_loss_aging": 195.9647788278704,
  "capital_loss_aging_per_day": 0.07420713920977036,
  "capital_cost": 17250.0,
  "battery_LOL": 0.0022720554066999465,
  "LOL_per_day": 7.573518022333156e-05,
  "battery_total_cost": 17445.96477882787,
  "total_cost_per_day": 6.606366433472117,
  "lcoe": 0.0555356992688209,
  "lcoe_aging": 0.0006238142265123157
 }
}