{
 "battery_sim_0": {
  "capital_loss_aging": 99.74258993122542,
  "capital_loss_aging_per_day": 0.002403039672992413,
  "capital_cost": 138000.0,
  "battery_LOL": 0.00014455447816119626,
  "LOL_per_day": 4.818482605373209e-06,
  "battery_total_cost": 138099.74258993124,
  "total_cost_per_day": 3.3271560373805062,
  "lcoe": 0.359908147848914,
  "lcoe_aging": 0.00025994379229507986
 },
 "battery_sim_1": {
  "capital_loss_aging": 99.74258993122542,
  "capital_loss_aging_per_day": 0.002403039672992413,
  "capital_cost": 138000.0,
  "battery_LOL": 0.00014455447816119626,
  "LOL_per_day": 4.818482605373209e-06,
  "battery_total_cost": 138099.74258993124,
  "total_cost_per_day": 3.3271560373805062,
  "lcoe": 0.359908147848914,
  "lcoe_aging": 0.00025994379229507986
 }
}