{
 "battery_sim_0": {
  "capital_loss_aging": 44.753901534819036,
  "capital_loss_aging_per_day": 0.0038703607779483626,
  "capital_cost": 17250.0,
  "battery_LOL": 0.0005188858148964526,
  "LOL_per_day": 1.7296193829881753e-05,
  "battery_total_cost": 17294.75390153482,
  "total_cost_per_day": 1.4956670786052495,
  "lcoe": 0.11692036355224288,
  "lcoe_aging": 0.0003025566288843204
 },
 "battery_sim_1": {
  "capital_loss_aging": 44.753901534819036,
  "capital_loss_aging_per_day": 0.0038703607779483626,
  "capital_cost": 17250.0,
  "battery_LOL": 0.0005188858148964526,
  "LOL_per_day": 1.7296193829881753e-05,
  "battery_total_cost": 17294.75390153482,
  "total_cost_per_day": 1.4956670786052495,
  "lcoe": 0.11692036355224288,
  "lcoe_aging": 0.0003025566288843204
 }
}