{
 "battery_sim_0": {
  "capital_loss_aging": 207.7858709928848,
  "capital_loss_aging_per_day": 0.005214368138197074,
  "capital_cost": 276000.0,
  "battery_LOL": 0.0001505694717339745,
  "LOL_per_day": 5.0189823911324835e-06,
  "battery_total_cost": 276207.78587099287,
  "total_cost_per_day": 6.931410067901024,
  "lcoe": 0.012131565030454067,
  "lcoe_aging": 9.126345944270684e-06
 }
}