{
 "battery_sim_0": {
  "capital_loss_aging": 882.2176579541497,
  "capital_loss_aging_per_day": 0.18799710048456644,
  "capital_cost": 138000.0,
  "battery_LOL": 0.0012785763158755792,
  "LOL_per_day": 4.2619210529185976e-05,
  "battery_total_cost": 138882.21765795414,
  "total_cost_per_day": 29.595252365622887,
  "lcoe": 0.0974204947296031,
  "lcoe_aging": 0.0006188415057481095
 },
 "battery_sim_1": {
  "capital_loss_aging": 882.2176579541497,
  "capital_loss_aging_per_day": 0.18799710048456644,
  "capital_cost": 138000.0,
  "battery_LOL": 0.0012785763158755792,
  "LOL_per_day": 4.2619210529185976e-05,
  "battery_total_cost": 138882.21765795414,
  "total_cost_per_day": 29.595252365622887,
  "lcoe": 0.0974204947296031,
  "lcoe_aging": 0.0006188415057481095
 }
}