{
 "battery_sim_0": {
  "capital_loss_aging": 77.40990578898987,
  "capital_loss_aging_per_day": 0.0028948277846668055,
  "capital_cost": 69000.0,
  "battery_LOL": 0.00022437653851881123,
  "LOL_per_day": 7.479217950627041e-06,
  "battery_total_cost": 69077.40990578898,
  "total_cost_per_day": 2.5832250207509957,
  "lcoe": 0.2258725405948546,
  "lcoe_aging": 0.00025311852473354225
 },
 "battery_sim_1": {
  "capital_loss_aging": 77.40990578898987,
  "capital_loss_aging_per_day": 0.0028948277846668055,
  "capital_cost": 69000.0,
  "battery_LOL": 0.00022437653851881123,
  "LOL_per_day": 7.479217950627041e-06,
  "battery_total_cost": 69077.40990578898,
  "total_cost_per_day": 2.5832250207509957,
  "lcoe": 0.2258725405948546,
  "lcoe_aging": 0.00025311852473354225
 }
}