{
 "battery_sim_0": {
  "capital_loss_aging": 219.3067885144101,
  "capital_loss_aging_per_day": 0.04646905071353062,
  "capital_cost": 34500.0,
  "battery_LOL": 0.0012713437015328122,
  "LOL_per_day": 4.237812338442707e-05,
  "battery_total_cost": 34719.30678851441,
  "total_cost_per_day": 7.356695334527201,
  "lcoe": 0.03055547336374477,
  "lcoe_aging": 0.0001930056603882785
 }
}