{
  "energy_cap": 0,
  "resolution": 15,
  "cell_nominal_cap": 4.85,
  "battery_nominal_energy": 65,
  "cell_nominal_energy": 0.01746,
  "power_cap": 0,
  "resolution": 15,
  "use_distribution": false,
  "num_cells": 0,
  "cell_nominal_voltage": 3.5,
  "max_cell_voltage": 4.2,
  "min_cell_voltage": 2.5,
  "pack_voltage": 100,
  "chemistry": "NMC",
  "constrain_final_soc": false,
  "distribution": {"class": "normal", "mean": 0, "std": 1},
  "energy_nom": 0.01746,
  "SOH": 1,
  "SOC": 0.7,
  "round-trip_efficiency": 0.95,
  "daily_self_discharge": 0.0002,
  "SOC_min": 0.5,
  "SOC_max": 0.999,
  "market_definition": {},
  "life_cal": "13*5",
  "life_FEC": "4500*5",
  "max_c_rate": 0.00485,
  "resistance": 1,
  "ambient_temp": 25,
  "ECM_params": {"order": 2, "Ro": [0.145218289, -0.078133073, 0.537888113], "R1": 0.16430585, "C1": 96409982700000.0, "R2": 0.885349016, "C2": 0},
  "data_path": "Insert battery data path here",
  "comments": "Need to model SOC vs. charge curve",
  "capacity": 4.876810410207508,
  "params_0_cycles": [0.06814917203088056, -0.015766870940173427, 0.11619001399494455, 0.48271690054253635, 163630904279588.88, 0.4331415181370412, 232469459605331.1],
  "params_75_cycles": [0.1817291322718686, -0.24032872980052092, 1.4790307851556754, 1.2977824775377864, 96536.79488571131, 2.585791593440477, 128121.45353292866],
  "params_125_cycles": [0.3216812260075004, -0.2566731946013234, 0.8357359375465847, 1.3106006231750809, 2.105031289780113e+34, 0.9008276645954896, 6.103761585818508e+34],
  "params_200_cycles": [0.5718485111361722, -0.2909283574998805, 0.3385620902436867, 0.8133312446231733, 324.52628029049197, 0.47457275583787206, 4296.6486926650905]
}