{
 "battery_sim_0": {
  "capital_loss_aging": 758.7598144076363,
  "capital_loss_aging_per_day": 0.2781238917680728,
  "capital_cost": 69000.0,
  "battery_LOL": 0.0021993038098772066,
  "LOL_per_day": 7.331012699590689e-05,
  "battery_total_cost": 69758.75981440763,
  "total_cost_per_day": 25.570117705355948,
  "lcoe": 0.06339074276275662,
  "lcoe_aging": 0.0006894954603808399
 },
 "battery_sim_1": {
  "capital_loss_aging": 758.7598144076363,
  "capital_loss_aging_per_day": 0.2781238917680728,
  "capital_cost": 69000.0,
  "battery_LOL": 0.0021993038098772066,
  "LOL_per_day": 7.331012699590689e-05,
  "battery_total_cost": 69758.75981440763,
  "total_cost_per_day": 25.570117705355948,
  "lcoe": 0.06339074276275662,
  "lcoe_aging": 0.0006894954603808399
 }
}