{
 "battery_sim_0": {
  "capital_loss_aging": 182.96142945196937,
  "capital_loss_aging_per_day": 0.016171441868168098,
  "capital_cost": 69000.0,
  "battery_LOL": 0.0005303229839187518,
  "LOL_per_day": 1.7677432797291726e-05,
  "battery_total_cost": 69182.96142945197,
  "total_cost_per_day": 6.1148857569338135,
  "lcoe": 0.13977496516519775,
  "lcoe_aging": 0.0003696492156425224
 },
 "battery_sim_1": {
  "capital_loss_aging": 182.96142945196937,
  "capital_loss_aging_per_day": 0.016171441868168098,
  "capital_cost": 69000.0,
  "battery_LOL": 0.0005303229839187518,
  "LOL_per_day": 1.7677432797291726e-05,
  "battery_total_cost": 69182.96142945197,
  "total_cost_per_day": 6.1148857569338135,
  "lcoe": 0.13977496516519775,
  "lcoe_aging": 0.0003696492156425224
 }
}