{
 "charging_station_sim_0": {
  "TOU_cost": 1563.6515522333334,
  "subscription_cost": 95.56,
  "penalty_cost": 855.3744,
  "total_elec_cost": 2514.5859522333335,
  "cost_per_day": 83.81953174111112,
  "max_load": 353.93,
  "avg_load": 44.66847222222223,
  "cost_per_kWh": 0.07818670116672315
 },
 "charging_station_sim_1": {
  "TOU_cost": 1563.6515522333334,
  "subscription_cost": 95.56,
  "penalty_cost": 855.3744,
  "total_elec_cost": 2514.5859522333335,
  "cost_per_day": 83.81953174111112,
  "max_load": 353.93,
  "avg_load": 44.66847222222223,
  "cost_per_kWh": 0.07818670116672315
 }
}