{
 "battery_sim_0": {
  "capital_loss_aging": 756.9727048271196,
  "capital_loss_aging_per_day": 0.2768153023445824,
  "capital_cost": 69000.0,
  "battery_LOL": 0.002194123782107593,
  "LOL_per_day": 7.313745940358644e-05,
  "battery_total_cost": 69756.97270482712,
  "total_cost_per_day": 25.5092387965819,
  "lcoe": 0.06306188361709225,
  "lcoe_aging": 0.0006843204738129361
 },
 "battery_sim_1": {
  "capital_loss_aging": 756.9727048271196,
  "capital_loss_aging_per_day": 0.2768153023445824,
  "capital_cost": 69000.0,
  "battery_LOL": 0.002194123782107593,
  "LOL_per_day": 7.313745940358644e-05,
  "battery_total_cost": 69756.97270482712,
  "total_cost_per_day": 25.5092387965819,
  "lcoe": 0.06306188361709225,
  "lcoe_aging": 0.0006843204738129361
 }
}