{
 "battery_sim_0": {
  "capital_loss_aging": 98.99577858744291,
  "capital_loss_aging_per_day": 0.0023671894150082175,
  "capital_cost": 138000.0,
  "battery_LOL": 0.00014347214288035204,
  "LOL_per_day": 4.782404762678402e-06,
  "battery_total_cost": 138098.99577858744,
  "total_cost_per_day": 3.302226475663105,
  "lcoe": 0.012786608943695491,
  "lcoe_aging": 9.1660355727986e-06
 }
}