{
 "battery_sim_0": {
  "capital_loss_aging": 39.86056568181906,
  "capital_loss_aging_per_day": 0.003070269944878476,
  "capital_cost": 17250.0,
  "battery_LOL": 0.0004621514861660181,
  "LOL_per_day": 1.540504953886727e-05,
  "battery_total_cost": 17289.860565681818,
  "total_cost_per_day": 1.3317557926721804,
  "lcoe": 0.1302639585239404,
  "lcoe_aging": 0.00030031445626713306
 },
 "battery_sim_1": {
  "capital_loss_aging": 39.86056568181906,
  "capital_loss_aging_per_day": 0.003070269944878476,
  "capital_cost": 17250.0,
  "battery_LOL": 0.0004621514861660181,
  "LOL_per_day": 1.540504953886727e-05,
  "battery_total_cost": 17289.860565681818,
  "total_cost_per_day": 1.3317557926721804,
  "lcoe": 0.1302639585239404,
  "lcoe_aging": 0.00030031445626713306
 }
}