{
 "battery_sim_0": {
  "capital_loss_aging": 109.58146211900707,
  "capital_loss_aging_per_day": 0.023204051865003635,
  "capital_cost": 17250.0,
  "battery_LOL": 0.0012705097057276182,
  "LOL_per_day": 4.235032352425394e-05,
  "battery_total_cost": 17359.581462119007,
  "total_cost_per_day": 3.675919455831906,
  "lcoe": 0.03516205584398345,
  "lcoe_aging": 0.00022195866293792265
 }
}