{
 "battery_sim_0": {
  "capital_loss_aging": 124.21358441363162,
  "capital_loss_aging_per_day": 0.003726815109391881,
  "capital_cost": 138000.0,
  "battery_LOL": 0.00018001968755598785,
  "LOL_per_day": 6.000656251866262e-06,
  "battery_total_cost": 138124.21358441364,
  "total_cost_per_day": 4.144179628897112,
  "lcoe": 0.010679698941284869,
  "lcoe_aging": 9.604135665501838e-06
 }
}