{
 "battery_sim_0": {
  "capital_loss_aging": 84.07758742048743,
  "capital_loss_aging_per_day": 0.003414995510362177,
  "capital_cost": 69000.0,
  "battery_LOL": 0.00024370315194344183,
  "LOL_per_day": 8.123438398114728e-06,
  "battery_total_cost": 69084.07758742048,
  "total_cost_per_day": 2.806001242859943,
  "lcoe": 0.21820003844863792,
  "lcoe_aging": 0.00026555660071749513
 },
 "battery_sim_1": {
  "capital_loss_aging": 84.07758742048743,
  "capital_loss_aging_per_day": 0.003414995510362177,
  "capital_cost": 69000.0,
  "battery_LOL": 0.00024370315194344183,
  "LOL_per_day": 8.123438398114728e-06,
  "battery_total_cost": 69084.07758742048,
  "total_cost_per_day": 2.806001242859943,
  "lcoe": 0.21820003844863792,
  "lcoe_aging": 0.00026555660071749513
 }
}