{
 "battery_sim_0": {
  "capital_loss_aging": 68.822665219469,
  "capital_loss_aging_per_day": 0.004576385746774017,
  "capital_cost": 34500.0,
  "battery_LOL": 0.00039897197228677683,
  "LOL_per_day": 1.3299065742892561e-05,
  "battery_total_cost": 34568.82266521947,
  "total_cost_per_day": 2.2986652263957406,
  "lcoe": 0.15874338740776936,
  "lcoe_aging": 0.00031604035558785264
 },
 "battery_sim_1": {
  "capital_loss_aging": 68.822665219469,
  "capital_loss_aging_per_day": 0.004576385746774017,
  "capital_cost": 34500.0,
  "battery_LOL": 0.00039897197228677683,
  "LOL_per_day": 1.3299065742892561e-05,
  "battery_total_cost": 34568.82266521947,
  "total_cost_per_day": 2.2986652263957406,
  "lcoe": 0.15874338740776936,
  "lcoe_aging": 0.00031604035558785264
 }
}