{
 "battery_sim_0": {
  "capital_loss_aging": 111.25566115202781,
  "capital_loss_aging_per_day": 0.023918496885748465,
  "capital_cost": 17250.0,
  "battery_LOL": 0.0012899207090090181,
  "LOL_per_day": 4.299735696696727e-05,
  "battery_total_cost": 17361.255661152027,
  "total_cost_per_day": 3.732440535286675,
  "lcoe": 0.0847315352669133,
  "lcoe_aging": 0.0005429827865296967
 },
 "battery_sim_1": {
  "capital_loss_aging": 111.25566115202781,
  "capital_loss_aging_per_day": 0.023918496885748465,
  "capital_cost": 17250.0,
  "battery_LOL": 0.0012899207090090181,
  "LOL_per_day": 4.299735696696727e-05,
  "battery_total_cost": 17361.255661152027,
  "total_cost_per_day": 3.732440535286675,
  "lcoe": 0.0847315352669133,
  "lcoe_aging": 0.0005429827865296967
 }
}