{
 "battery_sim_0": {
  "capital_loss_aging": 575.7137948262791,
  "capital_loss_aging_per_day": 0.1601190210402295,
  "capital_cost": 69000.0,
  "battery_LOL": 0.0016687356371776207,
  "LOL_per_day": 5.5624521239254024e-05,
  "battery_total_cost": 69575.71379482628,
  "total_cost_per_day": 19.350578848582867,
  "lcoe": 0.0725925862238475,
  "lcoe_aging": 0.0006006773198824566
 },
 "battery_sim_1": {
  "capital_loss_aging": 575.7137948262791,
  "capital_loss_aging_per_day": 0.1601190210402295,
  "capital_cost": 69000.0,
  "battery_LOL": 0.0016687356371776207,
  "LOL_per_day": 5.5624521239254024e-05,
  "battery_total_cost": 69575.71379482628,
  "total_cost_per_day": 19.350578848582867,
  "lcoe": 0.0725925862238475,
  "lcoe_aging": 0.0006006773198824566
 }
}