{
 "battery_sim_0": {
  "capital_loss_aging": 174.89555307643192,
  "capital_loss_aging_per_day": 0.059108124610456066,
  "capital_cost": 17250.0,
  "battery_LOL": 0.002027774528422399,
  "LOL_per_day": 6.759248428074663e-05,
  "battery_total_cost": 17424.895553076432,
  "total_cost_per_day": 5.888959893824853,
  "lcoe": 0.07533664419330048,
  "lcoe_aging": 0.000756162010439332
 },
 "battery_sim_1": {
  "capital_loss_aging": 174.89555307643192,
  "capital_loss_aging_per_day": 0.059108124610456066,
  "capital_cost": 17250.0,
  "battery_LOL": 0.002027774528422399,
  "LOL_per_day": 6.759248428074663e-05,
  "battery_total_cost": 17424.895553076432,
  "total_cost_per_day": 5.888959893824853,
  "lcoe": 0.07533664419330048,
  "lcoe_aging": 0.000756162010439332
 }
}