{
 "battery_sim_0": {
  "capital_loss_aging": 191.56018312828314,
  "capital_loss_aging_per_day": 0.07090879953650507,
  "capital_cost": 17250.0,
  "battery_LOL": 0.002220987630472848,
  "LOL_per_day": 7.403292101576161e-05,
  "battery_total_cost": 17441.560183128284,
  "total_cost_per_day": 6.456248237145944,
  "lcoe": 0.06086404447581008,
  "lcoe_aging": 0.000668468152120494
 },
 "battery_sim_1": {
  "capital_loss_aging": 191.56018312828314,
  "capital_loss_aging_per_day": 0.07090879953650507,
  "capital_cost": 17250.0,
  "battery_LOL": 0.002220987630472848,
  "LOL_per_day": 7.403292101576161e-05,
  "battery_total_cost": 17441.560183128284,
  "total_cost_per_day": 6.456248237145944,
  "lcoe": 0.06086404447581008,
  "lcoe_aging": 0.000668468152120494
 }
}