{
 "charging_station_sim_0": {
  "TOU_cost": -2235.217562566667,
  "subscription_cost": 191.12,
  "penalty_cost": 120.15173333333338,
  "total_elec_cost": -1923.9458292333334,
  "cost_per_day": -64.1315276411111,
  "max_load": 172.13,
  "avg_load": 21.831625000000003,
  "cost_per_kWh": -0.12239798847068398
 },
 "charging_station_sim_1": {
  "TOU_cost": -2235.217562566667,
  "subscription_cost": 191.12,
  "penalty_cost": 120.15173333333338,
  "total_elec_cost": -1923.9458292333334,
  "cost_per_day": -64.1315276411111,
  "max_load": 172.13,
  "avg_load": 21.831625000000003,
  "cost_per_kWh": -0.12239798847068398
 }
}