{
 "battery_sim_0": {
  "capital_loss_aging": 153.16355728271517,
  "capital_loss_aging_per_day": 0.045331546433807865,
  "capital_cost": 17250.0,
  "battery_LOL": 0.001775809359799596,
  "LOL_per_day": 5.9193645326653206e-05,
  "battery_total_cost": 17403.163557282714,
  "total_cost_per_day": 5.150783455857646,
  "lcoe": 0.07795039309380025,
  "lcoe_aging": 0.0006860338615180256
 },
 "battery_sim_1": {
  "capital_loss_aging": 153.16355728271517,
  "capital_loss_aging_per_day": 0.045331546433807865,
  "capital_cost": 17250.0,
  "battery_LOL": 0.001775809359799596,
  "LOL_per_day": 5.9193645326653206e-05,
  "battery_total_cost": 17403.163557282714,
  "total_cost_per_day": 5.150783455857646,
  "lcoe": 0.07795039309380025,
  "lcoe_aging": 0.0006860338615180256
 }
}