{
 "battery_sim_0": {
  "capital_loss_aging": 191.65985410179275,
  "capital_loss_aging_per_day": 0.07098260806631977,
  "capital_cost": 17250.0,
  "battery_LOL": 0.0022221432359628146,
  "LOL_per_day": 7.407144119876048e-05,
  "battery_total_cost": 17441.659854101792,
  "total_cost_per_day": 6.459644411459411,
  "lcoe": 0.0699755490320843,
  "lcoe_aging": 0.0007689350457679125
 },
 "battery_sim_1": {
  "capital_loss_aging": 191.65985410179275,
  "capital_loss_aging_per_day": 0.07098260806631977,
  "capital_cost": 17250.0,
  "battery_LOL": 0.0022221432359628146,
  "LOL_per_day": 7.407144119876048e-05,
  "battery_total_cost": 17441.659854101792,
  "total_cost_per_day": 6.459644411459411,
  "lcoe": 0.0699755490320843,
  "lcoe_aging": 0.0007689350457679125
 }
}