{
 "battery_sim_0": {
  "capital_loss_aging": 186.52568295852186,
  "capital_loss_aging_per_day": 0.067230590151001,
  "capital_cost": 17250.0,
  "battery_LOL": 0.0021626166140118475,
  "LOL_per_day": 7.208722046706159e-05,
  "battery_total_cost": 17436.525682958523,
  "total_cost_per_day": 6.284753355435064,
  "lcoe": 0.06747669193056606,
  "lcoe_aging": 0.0007218259115938214
 },
 "battery_sim_1": {
  "capital_loss_aging": 186.52568295852186,
  "capital_loss_aging_per_day": 0.067230590151001,
  "capital_cost": 17250.0,
  "battery_LOL": 0.0021626166140118475,
  "LOL_per_day": 7.208722046706159e-05,
  "battery_total_cost": 17436.525682958523,
  "total_cost_per_day": 6.284753355435064,
  "lcoe": 0.06747669193056606,
  "lcoe_aging": 0.0007218259115938214
 }
}