{
 "battery_sim_0": {
  "capital_loss_aging": 886.8228055825067,
  "capital_loss_aging_per_day": 0.18996490060416144,
  "capital_cost": 138000.0,
  "battery_LOL": 0.0012852504428731981,
  "LOL_per_day": 4.28416814291066e-05,
  "battery_total_cost": 138886.82280558252,
  "total_cost_per_day": 29.750725086687716,
  "lcoe": 0.09782043205168321,
  "lcoe_aging": 0.0006246048994640822
 },
 "battery_sim_1": {
  "capital_loss_aging": 886.8228055825067,
  "capital_loss_aging_per_day": 0.18996490060416144,
  "capital_cost": 138000.0,
  "battery_LOL": 0.0012852504428731981,
  "LOL_per_day": 4.28416814291066e-05,
  "battery_total_cost": 138886.82280558252,
  "total_cost_per_day": 29.750725086687716,
  "lcoe": 0.09782043205168321,
  "lcoe_aging": 0.0006246048994640822
 }
}