{
 "battery_sim_0": {
  "capital_loss_aging": 49.19773299310537,
  "capital_loss_aging_per_day": 0.0023385670837303267,
  "capital_cost": 34500.0,
  "battery_LOL": 0.00028520424923539345,
  "LOL_per_day": 9.506808307846448e-06,
  "battery_total_cost": 34549.1977329931,
  "total_cost_per_day": 1.6422630001872423,
  "lcoe": 0.1760751063130425,
  "lcoe_aging": 0.00025072929722039157
 },
 "battery_sim_1": {
  "capital_loss_aging": 49.19773299310537,
  "capital_loss_aging_per_day": 0.0023385670837303267,
  "capital_cost": 34500.0,
  "battery_LOL": 0.00028520424923539345,
  "LOL_per_day": 9.506808307846448e-06,
  "battery_total_cost": 34549.1977329931,
  "total_cost_per_day": 1.6422630001872423,
  "lcoe": 0.1760751063130425,
  "lcoe_aging": 0.00025072929722039157
 }
}