{
 "charging_station_sim_0": {
  "TOU_cost": 8537.136787480387,
  "subscription_cost": 382.24,
  "penalty_cost": 530.3691347816662,
  "total_elec_cost": 9449.745922262053,
  "cost_per_day": 314.99153074206845,
  "max_load": 424.2899999999999,
  "avg_load": 91.2898611111111,
  "cost_per_kWh": 0.14376894601995863
 },
 "charging_station_sim_1": {
  "TOU_cost": 8537.136787480387,
  "subscription_cost": 382.24,
  "penalty_cost": 530.3691347816662,
  "total_elec_cost": 9449.745922262053,
  "cost_per_day": 314.99153074206845,
  "max_load": 424.2899999999999,
  "avg_load": 91.2898611111111,
  "cost_per_kWh": 0.14376894601995863
 }
}