{
 "battery_sim_0": {
  "capital_loss_aging": 46.64115824832088,
  "capital_loss_aging_per_day": 0.004203666942502243,
  "capital_cost": 17250.0,
  "battery_LOL": 0.000540767052154445,
  "LOL_per_day": 1.8025568405148166e-05,
  "battery_total_cost": 17296.64115824832,
  "total_cost_per_day": 1.5589089418865314,
  "lcoe": 0.11218593778147003,
  "lcoe_aging": 0.00030251434538240327
 },
 "battery_sim_1": {
  "capital_loss_aging": 46.64115824832088,
  "capital_loss_aging_per_day": 0.004203666942502243,
  "capital_cost": 17250.0,
  "battery_LOL": 0.000540767052154445,
  "LOL_per_day": 1.8025568405148166e-05,
  "battery_total_cost": 17296.64115824832,
  "total_cost_per_day": 1.5589089418865314,
  "lcoe": 0.11218593778147003,
  "lcoe_aging": 0.00030251434538240327
 }
}