{
 "battery_sim_0": {
  "capital_loss_aging": 438.87859891878713,
  "capital_loss_aging_per_day": 0.09305044666131285,
  "capital_cost": 69000.0,
  "battery_LOL": 0.0012721118809240206,
  "LOL_per_day": 4.240372936413402e-05,
  "battery_total_cost": 69438.87859891879,
  "total_cost_per_day": 14.722337077287548,
  "lcoe": 0.09600498385610097,
  "lcoe_aging": 0.0006067859051606636
 },
 "battery_sim_1": {
  "capital_loss_aging": 438.87859891878713,
  "capital_loss_aging_per_day": 0.09305044666131285,
  "capital_cost": 69000.0,
  "battery_LOL": 0.0012721118809240206,
  "LOL_per_day": 4.240372936413402e-05,
  "battery_total_cost": 69438.87859891879,
  "total_cost_per_day": 14.722337077287548,
  "lcoe": 0.09600498385610097,
  "lcoe_aging": 0.0006067859051606636
 }
}