{
 "charging_station_sim_0": {
  "TOU_cost": 9210.472171414045,
  "subscription_cost": 668.9200000000001,
  "penalty_cost": 0.0,
  "total_elec_cost": 9879.392171414045,
  "cost_per_day": 329.31307238046816,
  "max_load": 424.2899999999999,
  "avg_load": 91.2898611111111,
  "cost_per_kWh": 0.15030560731330528
 },
 "charging_station_sim_1": {
  "TOU_cost": 9210.472171414045,
  "subscription_cost": 668.9200000000001,
  "penalty_cost": 0.0,
  "total_elec_cost": 9879.392171414045,
  "cost_per_day": 329.31307238046816,
  "max_load": 424.2899999999999,
  "avg_load": 91.2898611111111,
  "cost_per_kWh": 0.15030560731330528
 }
}