{
 "battery_sim_0": {
  "capital_loss_aging": 131.4226623092199,
  "capital_loss_aging_per_day": 0.033375683417281636,
  "capital_cost": 17250.0,
  "battery_LOL": 0.0015237410122808104,
  "LOL_per_day": 5.0791367076027014e-05,
  "battery_total_cost": 17381.422662309218,
  "total_cost_per_day": 4.4141310937246105,
  "lcoe": 0.06764749979918318,
  "lcoe_aging": 0.0005114894617601993
 },
 "battery_sim_1": {
  "capital_loss_aging": 131.4226623092199,
  "capital_loss_aging_per_day": 0.033375683417281636,
  "capital_cost": 17250.0,
  "battery_LOL": 0.0015237410122808104,
  "LOL_per_day": 5.0791367076027014e-05,
  "battery_total_cost": 17381.422662309218,
  "total_cost_per_day": 4.4141310937246105,
  "lcoe": 0.06764749979918318,
  "lcoe_aging": 0.0005114894617601993
 }
}