{
 "battery_sim_0": {
  "capital_loss_aging": 329.7790235299813,
  "capital_loss_aging_per_day": 0.013134565744008208,
  "capital_cost": 276000.0,
  "battery_LOL": 0.00023897030690578358,
  "LOL_per_day": 7.965676896859452e-06,
  "battery_total_cost": 276329.77902352996,
  "total_cost_per_day": 11.00576868341005,
  "lcoe": 0.2596933265680745,
  "lcoe_aging": 0.00030992465580620475
 },
 "battery_sim_1": {
  "capital_loss_aging": 329.7790235299813,
  "capital_loss_aging_per_day": 0.013134565744008208,
  "capital_cost": 276000.0,
  "battery_LOL": 0.00023897030690578358,
  "LOL_per_day": 7.965676896859452e-06,
  "battery_total_cost": 276329.77902352996,
  "total_cost_per_day": 11.00576868341005,
  "lcoe": 0.2596933265680745,
  "lcoe_aging": 0.00030992465580620475
 }
}