{
 "charging_station_sim_0": {
  "TOU_cost": 1563.6515522333334,
  "subscription_cost": 382.24,
  "penalty_cost": 282.37440000000004,
  "total_elec_cost": 2228.2659522333333,
  "cost_per_day": 74.27553174111111,
  "max_load": 353.93,
  "avg_load": 44.66847222222223,
  "cost_per_kWh": 0.06928407596189623
 },
 "charging_station_sim_1": {
  "TOU_cost": 1563.6515522333334,
  "subscription_cost": 382.24,
  "penalty_cost": 282.37440000000004,
  "total_elec_cost": 2228.2659522333333,
  "cost_per_day": 74.27553174111111,
  "max_load": 353.93,
  "avg_load": 44.66847222222223,
  "cost_per_kWh": 0.06928407596189623
 }
}