{
 "battery_sim_0": {
  "capital_loss_aging": 1318.8061281223495,
  "capital_loss_aging_per_day": 0.4201085998968751,
  "capital_cost": 138000.0,
  "battery_LOL": 0.0019113132291628254,
  "LOL_per_day": 6.371044097209418e-05,
  "battery_total_cost": 139318.80612812235,
  "total_cost_per_day": 44.38031287064186,
  "lcoe": 0.08010386142709865,
  "lcoe_aging": 0.0007582713796669321
 },
 "battery_sim_1": {
  "capital_loss_aging": 1318.8061281223495,
  "capital_loss_aging_per_day": 0.4201085998968751,
  "capital_cost": 138000.0,
  "battery_LOL": 0.0019113132291628254,
  "LOL_per_day": 6.371044097209418e-05,
  "battery_total_cost": 139318.80612812235,
  "total_cost_per_day": 44.38031287064186,
  "lcoe": 0.08010386142709865,
  "lcoe_aging": 0.0007582713796669321
 }
}