{
 "charging_station_sim_0": {
  "TOU_cost": 4484.431913176609,
  "subscription_cost": 573.36,
  "penalty_cost": 51.66858448646476,
  "total_elec_cost": 5109.4604976630735,
  "cost_per_day": 170.31534992210246,
  "max_load": 424.2899999999999,
  "avg_load": 91.2898611111111,
  "cost_per_kWh": 0.07773560861028858
 }
}