{
 "battery_sim_0": {
  "capital_loss_aging": 2363.3381185973467,
  "capital_loss_aging_per_day": 0.6745612394704403,
  "capital_cost": 276000.0,
  "battery_LOL": 0.0017125638540560484,
  "LOL_per_day": 5.708546180186828e-05,
  "battery_total_cost": 278363.33811859734,
  "total_cost_per_day": 79.45249852604866,
  "lcoe": 0.07368228850258064,
  "lcoe_aging": 0.0006255714644772823
 },
 "battery_sim_1": {
  "capital_loss_aging": 2363.3381185973467,
  "capital_loss_aging_per_day": 0.6745612394704403,
  "capital_cost": 276000.0,
  "battery_LOL": 0.0017125638540560484,
  "LOL_per_day": 5.708546180186828e-05,
  "battery_total_cost": 278363.33811859734,
  "total_cost_per_day": 79.45249852604866,
  "lcoe": 0.07368228850258064,
  "lcoe_aging": 0.0006255714644772823
 }
}