{
 "charging_station_sim_0": {
  "TOU_cost": 9226.712822864018,
  "subscription_cost": 382.24,
  "penalty_cost": 546.8229314829213,
  "total_elec_cost": 10155.775754346938,
  "cost_per_day": 338.52585847823127,
  "max_load": 424.2899999999999,
  "avg_load": 91.2898611111111,
  "cost_per_kWh": 0.1545105221059741
 },
 "charging_station_sim_1": {
  "TOU_cost": 9226.712822864018,
  "subscription_cost": 382.24,
  "penalty_cost": 546.8229314829213,
  "total_elec_cost": 10155.775754346938,
  "cost_per_day": 338.52585847823127,
  "max_load": 424.2899999999999,
  "avg_load": 91.2898611111111,
  "cost_per_kWh": 0.1545105221059741
 }
}