{
 "battery_sim_0": {
  "capital_loss_aging": 203.3933498448337,
  "capital_loss_aging_per_day": 0.01998495399087097,
  "capital_cost": 69000.0,
  "battery_LOL": 0.0005895459415792281,
  "LOL_per_day": 1.965153138597427e-05,
  "battery_total_cost": 69203.39334984483,
  "total_cost_per_day": 6.799763282151994,
  "lcoe": 0.12962830709854836,
  "lcoe_aging": 0.0003809861675742191
 },
 "battery_sim_1": {
  "capital_loss_aging": 203.3933498448337,
  "capital_loss_aging_per_day": 0.01998495399087097,
  "capital_cost": 69000.0,
  "battery_LOL": 0.0005895459415792281,
  "LOL_per_day": 1.965153138597427e-05,
  "battery_total_cost": 69203.39334984483,
  "total_cost_per_day": 6.799763282151994,
  "lcoe": 0.12962830709854836,
  "lcoe_aging": 0.0003809861675742191
 }
}