{
 "charging_station_sim_0": {
  "TOU_cost": 6281.914271538636,
  "subscription_cost": 573.36,
  "penalty_cost": 94.55784945653866,
  "total_elec_cost": 6949.832120995175,
  "cost_per_day": 231.66107069983914,
  "max_load": 424.2899999999999,
  "avg_load": 91.2898611111111,
  "cost_per_kWh": 0.10573512211553213
 }
}