{
 "battery_sim_0": {
  "capital_loss_aging": 97.04411945273716,
  "capital_loss_aging_per_day": 0.002274773217477565,
  "capital_cost": 138000.0,
  "battery_LOL": 0.0001406436513807785,
  "LOL_per_day": 4.688121712692616e-06,
  "battery_total_cost": 138097.04411945274,
  "total_cost_per_day": 3.2370787549753826,
  "lcoe": 0.3789557371496053,
  "lcoe_aging": 0.0002663013249685195
 },
 "battery_sim_1": {
  "capital_loss_aging": 97.04411945273716,
  "capital_loss_aging_per_day": 0.002274773217477565,
  "capital_cost": 138000.0,
  "battery_LOL": 0.0001406436513807785,
  "LOL_per_day": 4.688121712692616e-06,
  "battery_total_cost": 138097.04411945274,
  "total_cost_per_day": 3.2370787549753826,
  "lcoe": 0.3789557371496053,
  "lcoe_aging": 0.0002663013249685195
 }
}