{
 "battery_sim_0": {
  "capital_loss_aging": 99.02174017420329,
  "capital_loss_aging_per_day": 0.0047368623319456165,
  "capital_cost": 69000.0,
  "battery_LOL": 0.0002870195367368211,
  "LOL_per_day": 9.567317891227371e-06,
  "battery_total_cost": 69099.0217401742,
  "total_cost_per_day": 3.305461534805388,
  "lcoe": 0.2541964231228987,
  "lcoe_aging": 0.0003642739293522169
 },
 "battery_sim_1": {
  "capital_loss_aging": 99.02174017420329,
  "capital_loss_aging_per_day": 0.0047368623319456165,
  "capital_cost": 69000.0,
  "battery_LOL": 0.0002870195367368211,
  "LOL_per_day": 9.567317891227371e-06,
  "battery_total_cost": 69099.0217401742,
  "total_cost_per_day": 3.305461534805388,
  "lcoe": 0.2541964231228987,
  "lcoe_aging": 0.0003642739293522169
 }
}