{
 "battery_sim_0": {
  "capital_loss_aging": 89.4305427185875,
  "capital_loss_aging_per_day": 0.015454728446263,
  "capital_cost": 17250.0,
  "battery_LOL": 0.0010368758576068116,
  "LOL_per_day": 3.4562528586893716e-05,
  "battery_total_cost": 17339.430542718586,
  "total_cost_per_day": 2.9964728190658456,
  "lcoe": 0.09846830715993249,
  "lcoe_aging": 0.0005078640920875748
 },
 "battery_sim_1": {
  "capital_loss_aging": 89.4305427185875,
  "capital_loss_aging_per_day": 0.015454728446263,
  "capital_cost": 17250.0,
  "battery_LOL": 0.0010368758576068116,
  "LOL_per_day": 3.4562528586893716e-05,
  "battery_total_cost": 17339.430542718586,
  "total_cost_per_day": 2.9964728190658456,
  "lcoe": 0.09846830715993249,
  "lcoe_aging": 0.0005078640920875748
 }
}