{
 "battery_sim_0": {
  "capital_loss_aging": 331.47946783177366,
  "capital_loss_aging_per_day": 0.1061629348734646,
  "capital_cost": 34500.0,
  "battery_LOL": 0.001921620103372601,
  "LOL_per_day": 6.405400344575337e-05,
  "battery_total_cost": 34831.47946783177,
  "total_cost_per_day": 11.155478529265919,
  "lcoe": 0.07808664569936843,
  "lcoe_aging": 0.0007431243276674452
 },
 "battery_sim_1": {
  "capital_loss_aging": 331.47946783177366,
  "capital_loss_aging_per_day": 0.1061629348734646,
  "capital_cost": 34500.0,
  "battery_LOL": 0.001921620103372601,
  "LOL_per_day": 6.405400344575337e-05,
  "battery_total_cost": 34831.47946783177,
  "total_cost_per_day": 11.155478529265919,
  "lcoe": 0.07808664569936843,
  "lcoe_aging": 0.0007431243276674452
 }
}