{
 "battery_sim_0": {
  "capital_loss_aging": 608.1288261773888,
  "capital_loss_aging_per_day": 0.0893286640647074,
  "capital_cost": 138000.0,
  "battery_LOL": 0.0008813461248947663,
  "LOL_per_day": 2.9378204163158875e-05,
  "battery_total_cost": 138608.1288261774,
  "total_cost_per_day": 20.360289536644327,
  "lcoe": 0.12418152417506127,
  "lcoe_aging": 0.0005448335907066709
 },
 "battery_sim_1": {
  "capital_loss_aging": 608.1288261773888,
  "capital_loss_aging_per_day": 0.0893286640647074,
  "capital_cost": 138000.0,
  "battery_LOL": 0.0008813461248947663,
  "LOL_per_day": 2.9378204163158875e-05,
  "battery_total_cost": 138608.1288261774,
  "total_cost_per_day": 20.360289536644327,
  "lcoe": 0.12418152417506127,
  "lcoe_aging": 0.0005448335907066709
 }
}