{
 "battery_sim_0": {
  "capital_loss_aging": 162.6649398357724,
  "capital_loss_aging_per_day": 0.02556510401137725,
  "capital_cost": 34500.0,
  "battery_LOL": 0.0009429851584682458,
  "LOL_per_day": 3.14328386156082e-05,
  "battery_total_cost": 34662.66493983577,
  "total_cost_per_day": 5.447729765203791,
  "lcoe": 0.10109371305197071,
  "lcoe_aging": 0.0004744125352137904
 },
 "battery_sim_1": {
  "capital_loss_aging": 162.6649398357724,
  "capital_loss_aging_per_day": 0.02556510401137725,
  "capital_cost": 34500.0,
  "battery_LOL": 0.0009429851584682458,
  "LOL_per_day": 3.14328386156082e-05,
  "battery_total_cost": 34662.66493983577,
  "total_cost_per_day": 5.447729765203791,
  "lcoe": 0.10109371305197071,
  "lcoe_aging": 0.0004744125352137904
 }
}