{
 "charging_station_sim_0": {
  "TOU_cost": -4098.001923866666,
  "subscription_cost": 95.56,
  "penalty_cost": 334.17359999999996,
  "total_elec_cost": -3668.2683238666664,
  "cost_per_day": -122.27561079555555,
  "max_load": 153.37,
  "avg_load": 11.208166666666669,
  "cost_per_kWh": -0.4545629332612958
 },
 "charging_station_sim_1": {
  "TOU_cost": -4098.001923866666,
  "subscription_cost": 95.56,
  "penalty_cost": 334.17359999999996,
  "total_elec_cost": -3668.2683238666664,
  "cost_per_day": -122.27561079555555,
  "max_load": 153.37,
  "avg_load": 11.208166666666669,
  "cost_per_kWh": -0.4545629332612958
 }
}