{
 "battery_sim_0": {
  "capital_loss_aging": 436.5022371000088,
  "capital_loss_aging_per_day": 0.09204550869242141,
  "capital_cost": 69000.0,
  "battery_LOL": 0.0012652238756521994,
  "LOL_per_day": 4.217412918840665e-05,
  "battery_total_cost": 69436.50223710001,
  "total_cost_per_day": 14.642120078692715,
  "lcoe": 0.09570618843481483,
  "lcoe_aging": 0.0006016427096725318
 },
 "battery_sim_1": {
  "capital_loss_aging": 436.5022371000088,
  "capital_loss_aging_per_day": 0.09204550869242141,
  "capital_cost": 69000.0,
  "battery_LOL": 0.0012652238756521994,
  "LOL_per_day": 4.217412918840665e-05,
  "battery_total_cost": 69436.50223710001,
  "total_cost_per_day": 14.642120078692715,
  "lcoe": 0.09570618843481483,
  "lcoe_aging": 0.0006016427096725318
 }
}