{
 "battery_sim_0": {
  "capital_loss_aging": 108.2059199931884,
  "capital_loss_aging_per_day": 0.002828145198447413,
  "capital_cost": 138000.0,
  "battery_LOL": 0.0001568201739031716,
  "LOL_per_day": 5.22733913010572e-06,
  "battery_total_cost": 138108.2059199932,
  "total_cost_per_day": 3.609692144971394,
  "lcoe": 0.3688629499365839,
  "lcoe_aging": 0.0002889991552885088
 },
 "battery_sim_1": {
  "capital_loss_aging": 108.2059199931884,
  "capital_loss_aging_per_day": 0.002828145198447413,
  "capital_cost": 138000.0,
  "battery_LOL": 0.0001568201739031716,
  "LOL_per_day": 5.22733913010572e-06,
  "battery_total_cost": 138108.2059199932,
  "total_cost_per_day": 3.609692144971394,
  "lcoe": 0.3688629499365839,
  "lcoe_aging": 0.0002889991552885088
 }
}