{
 "charging_station_sim_0": {
  "TOU_cost": 4594.818361573285,
  "subscription_cost": 477.8,
  "penalty_cost": 245.30248718507298,
  "total_elec_cost": 5317.920848758358,
  "cost_per_day": 177.26402829194527,
  "max_load": 424.2899999999999,
  "avg_load": 91.2898611111111,
  "cost_per_kWh": 0.08090713567677985
 }
}