{
 "battery_sim_0": {
  "capital_loss_aging": 1301.783528822067,
  "capital_loss_aging_per_day": 0.20466670965126008,
  "capital_cost": 276000.0,
  "battery_LOL": 0.00094332139769715,
  "LOL_per_day": 3.1444046589905e-05,
  "battery_total_cost": 277301.78352882207,
  "total_cost_per_day": 43.59745100372016,
  "lcoe": 0.13904250199833312,
  "lcoe_aging": 0.0006527301649642161
 },
 "battery_sim_1": {
  "capital_loss_aging": 1301.783528822067,
  "capital_loss_aging_per_day": 0.20466670965126008,
  "capital_cost": 276000.0,
  "battery_LOL": 0.00094332139769715,
  "LOL_per_day": 3.1444046589905e-05,
  "battery_total_cost": 277301.78352882207,
  "total_cost_per_day": 43.59745100372016,
  "lcoe": 0.13904250199833312,
  "lcoe_aging": 0.0006527301649642161
 }
}