{
 "charging_station_sim_0": {
  "TOU_cost": -5517.922125766667,
  "subscription_cost": 95.56,
  "penalty_cost": 287.3149333333333,
  "total_elec_cost": -5135.047192433333,
  "cost_per_day": -171.1682397477778,
  "max_load": 125.89,
  "avg_load": 2.3368194444444446,
  "cost_per_kWh": -3.052015852763629
 },
 "charging_station_sim_1": {
  "TOU_cost": -5517.922125766667,
  "subscription_cost": 95.56,
  "penalty_cost": 287.3149333333333,
  "total_elec_cost": -5135.047192433333,
  "cost_per_day": -171.1682397477778,
  "max_load": 125.89,
  "avg_load": 2.3368194444444446,
  "cost_per_kWh": -3.052015852763629
 }
}