{
 "battery_sim_0": {
  "capital_loss_aging": 66.43643868355753,
  "capital_loss_aging_per_day": 0.00426454143473826,
  "capital_cost": 34500.0,
  "battery_LOL": 0.0003851387749771451,
  "LOL_per_day": 1.2837959165904838e-05,
  "battery_total_cost": 34566.43643868356,
  "total_cost_per_day": 2.2188124975533228,
  "lcoe": 0.1522051617878499,
  "lcoe_aging": 0.0002925372106660975
 },
 "battery_sim_1": {
  "capital_loss_aging": 66.43643868355753,
  "capital_loss_aging_per_day": 0.00426454143473826,
  "capital_cost": 34500.0,
  "battery_LOL": 0.0003851387749771451,
  "LOL_per_day": 1.2837959165904838e-05,
  "battery_total_cost": 34566.43643868356,
  "total_cost_per_day": 2.2188124975533228,
  "lcoe": 0.1522051617878499,
  "lcoe_aging": 0.0002925372106660975
 }
}