{
 "battery_sim_0": {
  "capital_loss_aging": 604.2632989428321,
  "capital_loss_aging_per_day": 0.08819665083315807,
  "capital_cost": 138000.0,
  "battery_LOL": 0.0008757439115113508,
  "LOL_per_day": 2.9191463717045027e-05,
  "battery_total_cost": 138604.26329894282,
  "total_cost_per_day": 20.230306615594227,
  "lcoe": 0.13133295540221473,
  "lcoe_aging": 0.0005725630871836207
 },
 "battery_sim_1": {
  "capital_loss_aging": 604.2632989428321,
  "capital_loss_aging_per_day": 0.08819665083315807,
  "capital_cost": 138000.0,
  "battery_LOL": 0.0008757439115113508,
  "LOL_per_day": 2.9191463717045027e-05,
  "battery_total_cost": 138604.26329894282,
  "total_cost_per_day": 20.230306615594227,
  "lcoe": 0.13133295540221473,
  "lcoe_aging": 0.0005725630871836207
 }
}