{
 "charging_station_sim_0": {
  "TOU_cost": -5517.922125766667,
  "subscription_cost": 191.12,
  "penalty_cost": 96.3149333333333,
  "total_elec_cost": -5230.487192433334,
  "cost_per_day": -174.34957308111112,
  "max_load": 125.89,
  "avg_load": 2.3368194444444446,
  "cost_per_kWh": -3.1087406270591758
 },
 "charging_station_sim_1": {
  "TOU_cost": -5517.922125766667,
  "subscription_cost": 191.12,
  "penalty_cost": 96.3149333333333,
  "total_elec_cost": -5230.487192433334,
  "cost_per_day": -174.34957308111112,
  "max_load": 125.89,
  "avg_load": 2.3368194444444446,
  "cost_per_kWh": -3.1087406270591758
 }
}