{
 "battery_sim_0": {
  "capital_loss_aging": 411.66446577289685,
  "capital_loss_aging_per_day": 0.08186842143965438,
  "capital_cost": 69000.0,
  "battery_LOL": 0.001193230335573614,
  "LOL_per_day": 3.977434451912047e-05,
  "battery_total_cost": 69411.66446577289,
  "total_cost_per_day": 13.804017280536215,
  "lcoe": 0.10483038551922692,
  "lcoe_aging": 0.0006217246767338249
 },
 "battery_sim_1": {
  "capital_loss_aging": 411.66446577289685,
  "capital_loss_aging_per_day": 0.08186842143965438,
  "capital_cost": 69000.0,
  "battery_LOL": 0.001193230335573614,
  "LOL_per_day": 3.977434451912047e-05,
  "battery_total_cost": 69411.66446577289,
  "total_cost_per_day": 13.804017280536215,
  "lcoe": 0.10483038551922692,
  "lcoe_aging": 0.0006217246767338249
 }
}