{
 "charging_station_sim_0": {
  "TOU_cost": 9408.042820833332,
  "subscription_cost": 286.68,
  "penalty_cost": 742.1495999999996,
  "total_elec_cost": 10436.872420833331,
  "cost_per_day": 347.89574736111103,
  "max_load": 424.2899999999999,
  "avg_load": 91.2898611111111,
  "cost_per_kWh": 0.15878714200696703
 }
}