{
 "battery_sim_0": {
  "capital_loss_aging": 163.87019063127119,
  "capital_loss_aging_per_day": 0.006486338013895931,
  "capital_cost": 138000.0,
  "battery_LOL": 0.000237493029900393,
  "LOL_per_day": 7.9164343300131e-06,
  "battery_total_cost": 138163.87019063128,
  "total_cost_per_day": 5.468826025722935,
  "lcoe": 0.011327711235625187,
  "lcoe_aging": 1.3435308355481805e-05
 }
}