{
 "battery_sim_0": {
  "capital_loss_aging": 161.12620831996674,
  "capital_loss_aging_per_day": 0.050167449289989015,
  "capital_cost": 17250.0,
  "battery_LOL": 0.0018681299515358463,
  "LOL_per_day": 6.22709983845282e-05,
  "battery_total_cost": 17411.126208319965,
  "total_cost_per_day": 5.421041059955546,
  "lcoe": 0.07192754675162343,
  "lcoe_aging": 0.0006656325813265418
 },
 "battery_sim_1": {
  "capital_loss_aging": 161.12620831996674,
  "capital_loss_aging_per_day": 0.050167449289989015,
  "capital_cost": 17250.0,
  "battery_LOL": 0.0018681299515358463,
  "LOL_per_day": 6.22709983845282e-05,
  "battery_total_cost": 17411.126208319965,
  "total_cost_per_day": 5.421041059955546,
  "lcoe": 0.07192754675162343,
  "lcoe_aging": 0.0006656325813265418
 }
}