{
 "battery_sim_0": {
  "capital_loss_aging": 91.57413830829242,
  "capital_loss_aging_per_day": 0.0040511221289402264,
  "capital_cost": 69000.0,
  "battery_LOL": 0.00026543228495157223,
  "LOL_per_day": 8.847742831719074e-06,
  "battery_total_cost": 69091.5741383083,
  "total_cost_per_day": 3.056522399072021,
  "lcoe": 0.23422011317263802,
  "lcoe_aging": 0.00031043590055307175
 },
 "battery_sim_1": {
  "capital_loss_aging": 91.57413830829242,
  "capital_loss_aging_per_day": 0.0040511221289402264,
  "capital_cost": 69000.0,
  "battery_LOL": 0.00026543228495157223,
  "LOL_per_day": 8.847742831719074e-06,
  "battery_total_cost": 69091.5741383083,
  "total_cost_per_day": 3.056522399072021,
  "lcoe": 0.23422011317263802,
  "lcoe_aging": 0.00031043590055307175
 }
}