{
 "battery_sim_0": {
  "capital_loss_aging": 1748.2664519962477,
  "capital_loss_aging_per_day": 0.3691347327506701,
  "capital_cost": 276000.0,
  "battery_LOL": 0.0012668597478233679,
  "LOL_per_day": 4.222865826077893e-05,
  "battery_total_cost": 277748.2664519962,
  "total_cost_per_day": 58.64468313262559,
  "lcoe": 0.08868714957227364,
  "lcoe_aging": 0.0005582348732577121
 }
}