{
 "battery_sim_0": {
  "capital_loss_aging": 1816.732290416665,
  "capital_loss_aging_per_day": 0.3986130694495871,
  "capital_cost": 276000.0,
  "battery_LOL": 0.0013164726742149746,
  "LOL_per_day": 4.3882422473832486e-05,
  "battery_total_cost": 277816.73229041666,
  "total_cost_per_day": 60.95635608333841,
  "lcoe": 0.1008092324057147,
  "lcoe_aging": 0.00065922374859744
 },
 "battery_sim_1": {
  "capital_loss_aging": 1816.732290416665,
  "capital_loss_aging_per_day": 0.3986130694495871,
  "capital_cost": 276000.0,
  "battery_LOL": 0.0013164726742149746,
  "LOL_per_day": 4.3882422473832486e-05,
  "battery_total_cost": 277816.73229041666,
  "total_cost_per_day": 60.95635608333841,
  "lcoe": 0.1008092324057147,
  "lcoe_aging": 0.00065922374859744
 }
}