{
 "battery_sim_0": {
  "capital_loss_aging": 162.34774401873597,
  "capital_loss_aging_per_day": 0.02546549757292079,
  "capital_cost": 34500.0,
  "battery_LOL": 0.0009411463421375998,
  "LOL_per_day": 3.1371544737919996e-05,
  "battery_total_cost": 34662.347744018734,
  "total_cost_per_day": 5.437056964864119,
  "lcoe": 0.10493173477440869,
  "lcoe_aging": 0.0004914678758174191
 },
 "battery_sim_1": {
  "capital_loss_aging": 162.34774401873597,
  "capital_loss_aging_per_day": 0.02546549757292079,
  "capital_cost": 34500.0,
  "battery_LOL": 0.0009411463421375998,
  "LOL_per_day": 3.1371544737919996e-05,
  "battery_total_cost": 34662.347744018734,
  "total_cost_per_day": 5.437056964864119,
  "lcoe": 0.10493173477440869,
  "lcoe_aging": 0.0004914678758174191
 }
}