{
 "battery_sim_0": {
  "capital_loss_aging": 258.8026762287471,
  "capital_loss_aging_per_day": 0.0647138407953253,
  "capital_cost": 34500.0,
  "battery_LOL": 0.001500305369442012,
  "LOL_per_day": 5.0010178981400404e-05,
  "battery_total_cost": 34758.80267622875,
  "total_cost_per_day": 8.691469715086894,
  "lcoe": 0.05933490027481318,
  "lcoe_aging": 0.0004417882608882075
 },
 "battery_sim_1": {
  "capital_loss_aging": 258.8026762287471,
  "capital_loss_aging_per_day": 0.0647138407953253,
  "capital_cost": 34500.0,
  "battery_LOL": 0.001500305369442012,
  "LOL_per_day": 5.0010178981400404e-05,
  "battery_total_cost": 34758.80267622875,
  "total_cost_per_day": 8.691469715086894,
  "lcoe": 0.05933490027481318,
  "lcoe_aging": 0.0004417882608882075
 }
}